"ID","LABEL_ID","ARTIST_ID"
489,"6706f51615c2b9798b2b0d62","6706f4af15c2b9798b2b0cf3"
490,"6706f5da15c2b9798b2b0e6b","6706f4af15c2b9798b2b0cf3"
491,"6706f4c515c2b9798b2b0d09","6706f4af15c2b9798b2b0cf3"
492,"6706f5de15c2b9798b2b0e6e","6706f4ba15c2b9798b2b0cfb"
493,"6706f4c515c2b9798b2b0d08","6706f4ba15c2b9798b2b0cfb"
494,"6706f5de15c2b9798b2b0e6d","6706f4ba15c2b9798b2b0cfb"
495,"6706f47115c2b9798b2b0cae","6706f4c215c2b9798b2b0d01"
496,"6706f5e315c2b9798b2b0e74","6706f4c215c2b9798b2b0d01"
497,"6706f47015c2b9798b2b0cac","6706f4c215c2b9798b2b0d01"
498,"6706f5ea15c2b9798b2b0e7c","6706f4c315c2b9798b2b0d04"
499,"6706f5ea15c2b9798b2b0e7b","6706f4c315c2b9798b2b0d04"
500,"6706f4c515c2b9798b2b0d0a","6706f4c315c2b9798b2b0d05"
501,"6706f4c515c2b9798b2b0d08","6706f4c315c2b9798b2b0d05"
502,"6706f4be15c2b9798b2b0cfd","6706f4c315c2b9798b2b0d05"
503,"6706f4c515c2b9798b2b0d09","6706f4c315c2b9798b2b0d05"
504,"6706f0319ded543374d12da4","6706f4c315c2b9798b2b0d06"
505,"6706f5f115c2b9798b2b0e83","6706f4c315c2b9798b2b0d06"
506,"6706f5f115c2b9798b2b0e84","6706f4c315c2b9798b2b0d06"
507,"6706f3e515c2b9798b2b0bff","6706f4c315c2b9798b2b0d06"
508,"6706f4c515c2b9798b2b0d09","6706f4c315c2b9798b2b0d06"
509,"6706f4c515c2b9798b2b0d0a","6706f4c415c2b9798b2b0d07"
510,"6706f4c515c2b9798b2b0d09","6706f4c415c2b9798b2b0d07"
511,"6706f4c515c2b9798b2b0d08","6706f4c415c2b9798b2b0d07"
512,"6706f4bf15c2b9798b2b0d00","6706f4c815c2b9798b2b0d0d"
513,"6706f1d815c2b9798b2b0970","6706f4c815c2b9798b2b0d0d"
514,"6706f60515c2b9798b2b0ea3","6706f4cb15c2b9798b2b0d11"
515,"6706f60b15c2b9798b2b0eb0","6706f4cc15c2b9798b2b0d13"
516,"6706f60a15c2b9798b2b0eaf","6706f4cc15c2b9798b2b0d13"
517,"6706f61415c2b9798b2b0eb8","6706f46f15c2b9798b2b0cab"
518,"6706f46515c2b9798b2b0c97","6706f46f15c2b9798b2b0cab"
519,"6706f0a690b652736e31073d","6706f47715c2b9798b2b0caf"
520,"6706f61715c2b9798b2b0eba","6706f47715c2b9798b2b0caf"
521,"6706f1fb15c2b9798b2b0998","6706f47f15c2b9798b2b0cb4"
522,"6706f43815c2b9798b2b0c6f","6706f47f15c2b9798b2b0cb4"
523,"6706f1fa15c2b9798b2b0996","6706f47f15c2b9798b2b0cb4"
524,"6706f37f15c2b9798b2b0b7d","6706f47f15c2b9798b2b0cb4"
525,"6706f35e15c2b9798b2b0b5f","6706f47f15c2b9798b2b0cb4"
526,"6706f26b15c2b9798b2b0a13","6706f47f15c2b9798b2b0cb4"
527,"6706f1fb15c2b9798b2b0998","6706f48015c2b9798b2b0cb5"
528,"6706f43815c2b9798b2b0c6f","6706f48015c2b9798b2b0cb5"
529,"6706f2ec15c2b9798b2b0ac3","6706f48015c2b9798b2b0cb5"
530,"6706f55f15c2b9798b2b0de1","6706f48015c2b9798b2b0cb5"
531,"6706f35e15c2b9798b2b0b5f","6706f48015c2b9798b2b0cb5"
532,"6706f62015c2b9798b2b0ebf","6706f48015c2b9798b2b0cb5"
533,"6706f62615c2b9798b2b0ec7","6706f48015c2b9798b2b0cb7"
534,"6706f23715c2b9798b2b09db","6706f48015c2b9798b2b0cb7"
535,"6706f48b15c2b9798b2b0cca","6706f48715c2b9798b2b0cbf"
536,"6706f24215c2b9798b2b09e4","6706f48715c2b9798b2b0cbf"
537,"6706f63015c2b9798b2b0ed1","6706f48715c2b9798b2b0cbf"
538,"6706f23715c2b9798b2b09db","6706f48715c2b9798b2b0cbf"
539,"6706f62f15c2b9798b2b0ed0","6706f48715c2b9798b2b0cbf"
540,"6706f63115c2b9798b2b0ed2","6706f48815c2b9798b2b0cc0"
541,"6706f63d15c2b9798b2b0ed8","6706f49a15c2b9798b2b0cda"
542,"6706f63c15c2b9798b2b0ed7","6706f49a15c2b9798b2b0cda"
543,"6706f63d15c2b9798b2b0ed9","6706f49a15c2b9798b2b0cda"
544,"6706f23715c2b9798b2b09db","6706f49a15c2b9798b2b0cda"
545,"6706f28c15c2b9798b2b0a4d","6706f49b15c2b9798b2b0cdc"
546,"6706f28d15c2b9798b2b0a4e","6706f49b15c2b9798b2b0cdc"
547,"6706f0a890b652736e310741","6706f49b15c2b9798b2b0cdc"
548,"6706f28d15c2b9798b2b0a4e","6706f49c15c2b9798b2b0cde"
549,"6706f28c15c2b9798b2b0a4d","6706f49c15c2b9798b2b0cde"
550,"6706f64815c2b9798b2b0ee2","6706f49c15c2b9798b2b0ce0"
551,"6706f28d15c2b9798b2b0a4e","6706f49c15c2b9798b2b0ce0"
552,"6706f28c15c2b9798b2b0a4d","6706f49c15c2b9798b2b0ce0"
553,"6706f64e15c2b9798b2b0ee6","6706f49e15c2b9798b2b0ce5"
554,"6706f24215c2b9798b2b09e4","6706f49e15c2b9798b2b0ce5"
555,"6706f64e15c2b9798b2b0ee4","6706f49e15c2b9798b2b0ce5"
556,"6706f28e15c2b9798b2b0a51","6706f49e15c2b9798b2b0ce5"
557,"6706f49615c2b9798b2b0cd4","6706f49e15c2b9798b2b0ce5"
558,"6706f64e15c2b9798b2b0ee5","6706f49e15c2b9798b2b0ce5"
559,"6706f64e15c2b9798b2b0ee7","6706f49e15c2b9798b2b0ce5"
560,"6706f64d15c2b9798b2b0ee3","6706f49e15c2b9798b2b0ce5"
561,"6706f28c15c2b9798b2b0a4d","6706f49f15c2b9798b2b0ce8"
562,"6706f65615c2b9798b2b0ef0","6706f4a315c2b9798b2b0cea"
563,"6706f63c15c2b9798b2b0ed7","6706f4a315c2b9798b2b0cea"
566,"6706f66015c2b9798b2b0efb","6706f39b15c2b9798b2b0b9f"
567,"6706f1d815c2b9798b2b0970","6706f3a015c2b9798b2b0ba5"
568,"6706f0a690b652736e31073d","6706f3a015c2b9798b2b0ba5"
569,"6706f0a690b652736e31073d","6706f3a115c2b9798b2b0ba7"
570,"6706f1d815c2b9798b2b0970","6706f3a115c2b9798b2b0ba7"
571,"6706f3eb15c2b9798b2b0c07","6706f3a115c2b9798b2b0ba7"
572,"6706f0a690b652736e31073d","6706f3a115c2b9798b2b0ba8"
573,"6706f1d815c2b9798b2b0970","6706f3a115c2b9798b2b0ba8"
574,"6706f0a690b652736e31073d","6706f3a115c2b9798b2b0ba9"
575,"6706f1d815c2b9798b2b0970","6706f3a115c2b9798b2b0ba9"
576,"6706f1d815c2b9798b2b0970","6706f3a215c2b9798b2b0baa"
577,"6706f67d15c2b9798b2b0f11","6706f3a215c2b9798b2b0bab"
578,"6706f68215c2b9798b2b0f17","6706f3a315c2b9798b2b0bac"
579,"6706f1fb15c2b9798b2b0998","6706f3af15c2b9798b2b0bbb"
580,"6706f2fc15c2b9798b2b0ae1","6706f3af15c2b9798b2b0bbb"
581,"6706f23715c2b9798b2b09db","6706f3af15c2b9798b2b0bbb"
582,"6706f26b15c2b9798b2b0a13","6706f3af15c2b9798b2b0bbb"
583,"6706f1fa15c2b9798b2b0997","6706f3af15c2b9798b2b0bbb"
584,"6706f69215c2b9798b2b0f26","6706f3b015c2b9798b2b0bbc"
585,"6706f69615c2b9798b2b0f2c","6706f3b115c2b9798b2b0bbf"
586,"6706f69515c2b9798b2b0f2b","6706f3b115c2b9798b2b0bbf"
587,"6706f2a415c2b9798b2b0a72","6706f3b215c2b9798b2b0bc2"
588,"6706f69b15c2b9798b2b0f32","6706f3b215c2b9798b2b0bc2"
589,"6706f69b15c2b9798b2b0f31","6706f3b215c2b9798b2b0bc2"
590,"6706f29215c2b9798b2b0a59","6706f3b615c2b9798b2b0bc3"
591,"6706f59215c2b9798b2b0e13","6706f3b615c2b9798b2b0bc3"
592,"6706f6a615c2b9798b2b0f43","6706f3bb15c2b9798b2b0bc7"
593,"6706f3bc15c2b9798b2b0bca","6706f3bb15c2b9798b2b0bc7"
594,"6706f6a515c2b9798b2b0f42","6706f3bb15c2b9798b2b0bc7"
595,"6706f0319ded543374d12da4","6706f3c015c2b9798b2b0bcc"
596,"6706f1d815c2b9798b2b096f","6706f3c015c2b9798b2b0bcc"
597,"6706f6ad15c2b9798b2b0f4f","6706f3c015c2b9798b2b0bcc"
598,"6706f6ad15c2b9798b2b0f50","6706f3c015c2b9798b2b0bcc"
599,"6706f2fc15c2b9798b2b0ae1","6706f3c015c2b9798b2b0bcc"
600,"6706f26b15c2b9798b2b0a13","6706f3c015c2b9798b2b0bcc"
601,"6706f1d815c2b9798b2b096f","6706f3c015c2b9798b2b0bcd"
602,"6706f6b415c2b9798b2b0f5b","6706f3c015c2b9798b2b0bcd"
603,"6706f2fc15c2b9798b2b0ae1","6706f3c015c2b9798b2b0bcd"
604,"6706f0a590b652736e31073b","6706f3c915c2b9798b2b0bd1"
605,"6706f1fb15c2b9798b2b0998","6706f3c915c2b9798b2b0bd1"
606,"6706f22f15c2b9798b2b09cd","6706f3c915c2b9798b2b0bd1"
607,"6706f3d615c2b9798b2b0bef","6706f3c915c2b9798b2b0bd1"
616,"67082c595f2a9b4b88ae06b1","6706f3cd15c2b9798b2b0bd9"
61,"6706f0cf45fe7efa4ac730ba","6706f02f9ded543374d12d9f"
62,"6706f0a690b652736e31073d","6706f0a290b652736e310733"
63,"6706f1d015c2b9798b2b0963","6706f0a290b652736e310733"
64,"6706f1d715c2b9798b2b096d","6706f0a390b652736e310735"
65,"6706f1d715c2b9798b2b096c","6706f0a390b652736e310735"
66,"6706f1d815c2b9798b2b096f","6706f0a390b652736e310735"
67,"6706f1d815c2b9798b2b0970","6706f0a390b652736e310735"
68,"6706f1d815c2b9798b2b096e","6706f0a390b652736e310735"
69,"6706f1d815c2b9798b2b0971","6706f0a390b652736e310735"
70,"6706f1db15c2b9798b2b0973","6706f0a490b652736e310736"
71,"6706f1e515c2b9798b2b0982","6706f0ad90b652736e310748"
72,"6706f1e415c2b9798b2b0981","6706f0ad90b652736e310748"
73,"6706f0cf45fe7efa4ac730ba","6706f0ad90b652736e310748"
74,"6706f1e515c2b9798b2b0984","6706f0ad90b652736e310748"
75,"6706f1e515c2b9798b2b0983","6706f0ad90b652736e310748"
76,"6706f0a690b652736e31073d","6706f0dc45fe7efa4ac730ca"
77,"6706f0a890b652736e310741","6706f0dc45fe7efa4ac730ca"
78,"6706f1fb15c2b9798b2b0999","6706f0dc45fe7efa4ac730ca"
79,"6706f1fa15c2b9798b2b0996","6706f0dc45fe7efa4ac730ca"
80,"6706f1fb15c2b9798b2b0998","6706f0dc45fe7efa4ac730ca"
81,"6706f0a590b652736e31073b","6706f0dc45fe7efa4ac730ca"
82,"6706f1fb15c2b9798b2b099a","6706f0dc45fe7efa4ac730ca"
83,"6706f1fc15c2b9798b2b099b","6706f0dc45fe7efa4ac730ca"
84,"6706f1fa15c2b9798b2b0997","6706f0dc45fe7efa4ac730ca"
85,"6706f0a690b652736e31073d","6706f0dd45fe7efa4ac730cb"
86,"6706f1ff15c2b9798b2b099f","6706f0dd45fe7efa4ac730cb"
87,"6706f20215c2b9798b2b09a2","6706f0dd45fe7efa4ac730cc"
88,"6706f20115c2b9798b2b09a1","6706f0dd45fe7efa4ac730cc"
89,"6706f20215c2b9798b2b09a3","6706f0dd45fe7efa4ac730cc"
90,"6706f0fc45fe7efa4ac730f2","6706f0dd45fe7efa4ac730cc"
91,"6706f20c15c2b9798b2b09b1","6706f0de45fe7efa4ac730ce"
92,"6706f0a590b652736e31073b","6706f0de45fe7efa4ac730ce"
93,"6706f1d815c2b9798b2b096f","6706f0de45fe7efa4ac730ce"
94,"6706f0a690b652736e31073d","6706f0e045fe7efa4ac730d2"
95,"6706f1fb15c2b9798b2b099a","6706f0e045fe7efa4ac730d2"
96,"6706f21e15c2b9798b2b09c4","6706f0e045fe7efa4ac730d2"
97,"6706f0a790b652736e31073e","6706f0e045fe7efa4ac730d2"
98,"6706f0fc45fe7efa4ac730f2","6706f0e045fe7efa4ac730d2"
99,"6706f23015c2b9798b2b09ce","6706f1cf15c2b9798b2b0960"
100,"6706f22f15c2b9798b2b09cd","6706f1cf15c2b9798b2b0960"
101,"6706f1db15c2b9798b2b0973","6706f1cf15c2b9798b2b0961"
102,"6706f23715c2b9798b2b09db","6706f1cf15c2b9798b2b0961"
103,"6706f23715c2b9798b2b09da","6706f1cf15c2b9798b2b0961"
104,"6706f1d815c2b9798b2b096e","6706f1d415c2b9798b2b0965"
105,"6706f1d815c2b9798b2b0970","6706f1d515c2b9798b2b0966"
106,"6706f23e15c2b9798b2b09df","6706f1d515c2b9798b2b0966"
107,"6706f23e15c2b9798b2b09e0","6706f1d515c2b9798b2b0966"
108,"6706f1d815c2b9798b2b096e","6706f1d515c2b9798b2b0966"
109,"6706f24115c2b9798b2b09e2","6706f1d515c2b9798b2b0967"
110,"6706f24015c2b9798b2b09e1","6706f1d515c2b9798b2b0967"
111,"6706f1d815c2b9798b2b096f","6706f1d515c2b9798b2b0967"
112,"6706f24215c2b9798b2b09e4","6706f1d515c2b9798b2b0967"
113,"6706f1d715c2b9798b2b096c","6706f1d515c2b9798b2b0967"
114,"6706f1d815c2b9798b2b0970","6706f1d515c2b9798b2b0967"
115,"6706f24115c2b9798b2b09e3","6706f1d515c2b9798b2b0967"
116,"6706f1d815c2b9798b2b096e","6706f1d515c2b9798b2b0967"
117,"6706f1e515c2b9798b2b0982","6706f1e115c2b9798b2b097b"
118,"6706f24e15c2b9798b2b09ef","6706f1e115c2b9798b2b097b"
119,"6706f0cf45fe7efa4ac730ba","6706f1e215c2b9798b2b097d"
120,"6706f25215c2b9798b2b09f3","6706f1e215c2b9798b2b097d"
121,"6706f25215c2b9798b2b09f2","6706f1e215c2b9798b2b097d"
122,"6706f25a15c2b9798b2b09fa","6706f1f515c2b9798b2b098b"
123,"6706f25a15c2b9798b2b09f9","6706f1f515c2b9798b2b098b"
124,"6706f25a15c2b9798b2b09f8","6706f1f515c2b9798b2b098b"
125,"6706f25d15c2b9798b2b09fe","6706f1f615c2b9798b2b098c"
126,"6706f26215c2b9798b2b0a06","6706f1f615c2b9798b2b098e"
127,"6706f26115c2b9798b2b0a05","6706f1f615c2b9798b2b098e"
128,"6706f0319ded543374d12da4","6706f1f615c2b9798b2b098e"
129,"6706f26215c2b9798b2b0a07","6706f1f615c2b9798b2b098e"
130,"6706f22f15c2b9798b2b09cd","6706f1f615c2b9798b2b098e"
131,"6706f26315c2b9798b2b0a08","6706f1f615c2b9798b2b098e"
132,"6706f26b15c2b9798b2b0a13","6706f1f715c2b9798b2b0991"
133,"6706f1fb15c2b9798b2b0998","6706f1f715c2b9798b2b0991"
134,"6706f1fb15c2b9798b2b099a","6706f1f915c2b9798b2b0994"
135,"6706f27315c2b9798b2b0a20","6706f1f915c2b9798b2b0994"
136,"6706f1fa15c2b9798b2b0996","6706f20415c2b9798b2b09a5"
137,"6706f28315c2b9798b2b0a3f","6706f20415c2b9798b2b09a5"
138,"6706f25a15c2b9798b2b09fa","6706f20415c2b9798b2b09a5"
139,"6706f28315c2b9798b2b0a40","6706f20415c2b9798b2b09a5"
140,"6706f28815c2b9798b2b0a47","6706f20415c2b9798b2b09a6"
141,"6706f1fb15c2b9798b2b0998","6706f20515c2b9798b2b09a8"
142,"6706f28c15c2b9798b2b0a4d","6706f20515c2b9798b2b09a8"
143,"6706f28d15c2b9798b2b0a4f","6706f20515c2b9798b2b09a8"
144,"6706f28d15c2b9798b2b0a50","6706f20515c2b9798b2b09a8"
145,"6706f28d15c2b9798b2b0a4e","6706f20515c2b9798b2b09a8"
146,"6706f28e15c2b9798b2b0a51","6706f20515c2b9798b2b09a8"
147,"6706f29215c2b9798b2b0a59","6706f20615c2b9798b2b09a9"
148,"6706f29515c2b9798b2b0a5c","6706f20915c2b9798b2b09ad"
149,"6706f29515c2b9798b2b0a5b","6706f20915c2b9798b2b09ad"
150,"6706f29515c2b9798b2b0a5a","6706f20915c2b9798b2b09ad"
151,"6706f1d815c2b9798b2b096f","6706f20915c2b9798b2b09ae"
152,"6706f2a315c2b9798b2b0a6e","6706f21515c2b9798b2b09b8"
153,"6706f2a315c2b9798b2b0a6d","6706f21515c2b9798b2b09b8"
154,"6706f2a315c2b9798b2b0a70","6706f21515c2b9798b2b09b8"
155,"6706f2a415c2b9798b2b0a71","6706f21515c2b9798b2b09b8"
156,"6706f2a315c2b9798b2b0a6f","6706f21515c2b9798b2b09b8"
157,"6706f2a415c2b9798b2b0a72","6706f21515c2b9798b2b09b8"
158,"6706f2ab15c2b9798b2b0a7a","6706f21715c2b9798b2b09bc"
159,"6706f2b015c2b9798b2b0a7e","6706f21815c2b9798b2b09c0"
160,"6706f2b215c2b9798b2b0a80","6706f21915c2b9798b2b09c1"
161,"6706f0329ded543374d12da6","6706f21915c2b9798b2b09c1"
162,"6706f2b215c2b9798b2b0a81","6706f21915c2b9798b2b09c1"
163,"6706f2b315c2b9798b2b0a82","6706f21915c2b9798b2b09c1"
164,"6706f0a790b652736e310740","6706f21915c2b9798b2b09c1"
165,"6706f2bf15c2b9798b2b0a89","6706f24d15c2b9798b2b09ee"
166,"6706f2bf15c2b9798b2b0a88","6706f24d15c2b9798b2b09ee"
167,"6706f2be15c2b9798b2b0a87","6706f24d15c2b9798b2b09ee"
168,"6706f2cd15c2b9798b2b0a9b","6706f26015c2b9798b2b09ff"
169,"6706f2cc15c2b9798b2b0a99","6706f26015c2b9798b2b09ff"
170,"6706f26215c2b9798b2b0a06","6706f26015c2b9798b2b09ff"
171,"6706f2cc15c2b9798b2b0a9a","6706f26015c2b9798b2b09ff"
172,"6706f2dd15c2b9798b2b0aae","6706f26815c2b9798b2b0a0d"
173,"6706f0a690b652736e31073d","6706f26815c2b9798b2b0a0d"
174,"6706f2dc15c2b9798b2b0aad","6706f26815c2b9798b2b0a0d"
175,"6706f2e715c2b9798b2b0abe","6706f22c15c2b9798b2b09c6"
176,"6706f23015c2b9798b2b09ce","6706f22c15c2b9798b2b09c6"
177,"6706f22f15c2b9798b2b09cd","6706f22c15c2b9798b2b09c6"
178,"6706f28315c2b9798b2b0a3f","6706f22c15c2b9798b2b09c7"
179,"6706f2ec15c2b9798b2b0ac2","6706f22c15c2b9798b2b09c7"
180,"6706f2ec15c2b9798b2b0ac3","6706f22c15c2b9798b2b09c7"
24,"6706f0af90b652736e31074c","6706f02a9ded543374d12d91"
25,"6706f0319ded543374d12da4","6706f02a9ded543374d12d91"
26,"6706f0af90b652736e31074c","6706f02b9ded543374d12d93"
27,"6706f0ce45fe7efa4ac730b7","6706f02b9ded543374d12d93"
28,"6706f0ce45fe7efa4ac730b8","6706f02b9ded543374d12d93"
6,"6706f0319ded543374d12da5","6706f0329ded543374d12da7"
7,"6706f0319ded543374d12da3","6706f0329ded543374d12da7"
8,"6706f0309ded543374d12da2","6706f0329ded543374d12da7"
9,"6706f0329ded543374d12da6","6706f0329ded543374d12da7"
10,"6706f0319ded543374d12da4","6706f0329ded543374d12da7"
11,"6706f0319ded543374d12da4","6706f0299ded543374d12d8e"
12,"6706f0a890b652736e310743","6706f0299ded543374d12d8e"
13,"6706f0a890b652736e310742","6706f0299ded543374d12d8e"
14,"6706f0a690b652736e31073d","6706f0299ded543374d12d8e"
15,"6706f0a790b652736e310740","6706f0299ded543374d12d8e"
16,"6706f0a890b652736e310741","6706f0299ded543374d12d8e"
17,"6706f0a790b652736e31073e","6706f0299ded543374d12d8e"
18,"6706f0329ded543374d12da6","6706f0299ded543374d12d8e"
19,"6706f0a590b652736e31073b","6706f0299ded543374d12d8e"
20,"6706f0319ded543374d12da3","6706f0299ded543374d12d8e"
21,"6706f0309ded543374d12da2","6706f0299ded543374d12d8e"
22,"6706f0a790b652736e31073f","6706f0299ded543374d12d8e"
23,"6706f0a590b652736e31073c","6706f0299ded543374d12d8e"
29,"6706f0cf45fe7efa4ac730b9","6706f02b9ded543374d12d93"
30,"6706f0329ded543374d12da6","6706f02b9ded543374d12d93"
31,"6706f0cf45fe7efa4ac730ba","6706f02b9ded543374d12d93"
32,"6706f0d645fe7efa4ac730c7","6706f02b9ded543374d12d94"
33,"6706f0d645fe7efa4ac730c5","6706f02b9ded543374d12d94"
34,"6706f0cf45fe7efa4ac730ba","6706f02b9ded543374d12d94"
35,"6706f0d645fe7efa4ac730c6","6706f02b9ded543374d12d94"
36,"6706f0cf45fe7efa4ac730b9","6706f02c9ded543374d12d95"
37,"6706f0a690b652736e31073d","6706f02c9ded543374d12d96"
38,"6706f0329ded543374d12da6","6706f02c9ded543374d12d96"
39,"6706f0a890b652736e310741","6706f02c9ded543374d12d96"
40,"6706f0a790b652736e31073f","6706f02c9ded543374d12d96"
41,"6706f0a790b652736e31073e","6706f02c9ded543374d12d97"
42,"6706f0a890b652736e310742","6706f02c9ded543374d12d97"
43,"6706f0e945fe7efa4ac730d8","6706f02c9ded543374d12d97"
44,"6706f0e945fe7efa4ac730d9","6706f02c9ded543374d12d97"
45,"6706f0a790b652736e310740","6706f02c9ded543374d12d97"
46,"6706f0cf45fe7efa4ac730ba","6706f02c9ded543374d12d97"
47,"6706f0ea45fe7efa4ac730da","6706f02c9ded543374d12d97"
48,"6706f0f045fe7efa4ac730e4","6706f02d9ded543374d12d99"
49,"6706f0329ded543374d12da6","6706f02d9ded543374d12d99"
50,"6706f0f045fe7efa4ac730e5","6706f02d9ded543374d12d99"
51,"6706f0f045fe7efa4ac730e3","6706f02d9ded543374d12d99"
52,"6706f0f445fe7efa4ac730e9","6706f02e9ded543374d12d9b"
53,"6706f0a890b652736e310742","6706f02e9ded543374d12d9c"
54,"6706f0a890b652736e310741","6706f02e9ded543374d12d9c"
55,"6706f0a790b652736e310740","6706f02e9ded543374d12d9c"
56,"6706f0a790b652736e31073e","6706f02e9ded543374d12d9c"
57,"6706f0329ded543374d12da6","6706f02e9ded543374d12d9c"
58,"6706f0fd45fe7efa4ac730f4","6706f02f9ded543374d12d9d"
59,"6706f0fd45fe7efa4ac730f3","6706f02f9ded543374d12d9d"
60,"6706f0fc45fe7efa4ac730f2","6706f02f9ded543374d12d9d"
181,"6706f2ed15c2b9798b2b0ac5","6706f22c15c2b9798b2b09c7"
182,"6706f23015c2b9798b2b09ce","6706f22c15c2b9798b2b09c7"
183,"6706f2a415c2b9798b2b0a72","6706f22c15c2b9798b2b09c7"
184,"6706f2ed15c2b9798b2b0ac4","6706f22c15c2b9798b2b09c7"
185,"6706f22f15c2b9798b2b09cd","6706f22c15c2b9798b2b09c7"
186,"6706f23015c2b9798b2b09ce","6706f22d15c2b9798b2b09c8"
187,"6706f22f15c2b9798b2b09cd","6706f22d15c2b9798b2b09c8"
188,"6706f1d815c2b9798b2b0970","6706f22d15c2b9798b2b09c9"
189,"6706f2fc15c2b9798b2b0ae1","6706f22d15c2b9798b2b09c9"
190,"6706f30b15c2b9798b2b0b04","6706f22e15c2b9798b2b09cb"
191,"6706f2a415c2b9798b2b0a72","6706f22e15c2b9798b2b09cc"
192,"6706f30f15c2b9798b2b0b09","6706f22e15c2b9798b2b09cc"
193,"6706f22f15c2b9798b2b09cd","6706f22e15c2b9798b2b09cc"
194,"6706f1db15c2b9798b2b0973","6706f23215c2b9798b2b09d1"
195,"6706f0a790b652736e31073f","6706f23315c2b9798b2b09d3"
196,"6706f32715c2b9798b2b0b27","6706f23315c2b9798b2b09d3"
197,"6706f32715c2b9798b2b0b26","6706f23315c2b9798b2b09d3"
198,"6706f23715c2b9798b2b09db","6706f23415c2b9798b2b09d4"
199,"6706f32a15c2b9798b2b0b28","6706f23415c2b9798b2b09d4"
200,"6706f1d815c2b9798b2b096f","6706f23415c2b9798b2b09d4"
201,"6706f33615c2b9798b2b0b37","6706f23515c2b9798b2b09d7"
202,"6706f1d815c2b9798b2b096f","6706f23515c2b9798b2b09d7"
203,"6706f33915c2b9798b2b0b38","6706f23615c2b9798b2b09d8"
204,"6706f1fa15c2b9798b2b0996","6706f26c15c2b9798b2b0a14"
205,"6706f34015c2b9798b2b0b3f","6706f26c15c2b9798b2b0a14"
206,"6706f0319ded543374d12da4","6706f26c15c2b9798b2b0a14"
207,"6706f1d815c2b9798b2b0970","6706f26c15c2b9798b2b0a14"
208,"6706f34115c2b9798b2b0b40","6706f26c15c2b9798b2b0a14"
209,"6706f34215c2b9798b2b0b41","6706f26c15c2b9798b2b0a14"
210,"6706f0a690b652736e31073d","6706f26e15c2b9798b2b0a19"
211,"6706f28315c2b9798b2b0a3f","6706f26e15c2b9798b2b0a19"
212,"6706f1fa15c2b9798b2b0997","6706f26e15c2b9798b2b0a19"
213,"6706f34c15c2b9798b2b0b49","6706f26e15c2b9798b2b0a19"
214,"6706f1fb15c2b9798b2b0998","6706f26e15c2b9798b2b0a19"
215,"6706f1db15c2b9798b2b0973","6706f26f15c2b9798b2b0a1c"
216,"6706f22f15c2b9798b2b09cd","6706f26f15c2b9798b2b0a1c"
217,"6706f35715c2b9798b2b0b58","6706f26f15c2b9798b2b0a1c"
218,"6706f1fb15c2b9798b2b0999","6706f27215c2b9798b2b0a1f"
219,"6706f1fa15c2b9798b2b0996","6706f27215c2b9798b2b0a1f"
220,"6706f35e15c2b9798b2b0b5f","6706f27215c2b9798b2b0a1f"
221,"6706f35f15c2b9798b2b0b61","6706f27215c2b9798b2b0a1f"
222,"6706f0319ded543374d12da4","6706f27215c2b9798b2b0a1f"
223,"6706f35e15c2b9798b2b0b60","6706f27215c2b9798b2b0a1f"
224,"6706f1fb15c2b9798b2b099a","6706f27215c2b9798b2b0a1f"
225,"6706f0a690b652736e31073d","6706f27215c2b9798b2b0a1f"
226,"6706f37915c2b9798b2b0b78","6706f27d15c2b9798b2b0a30"
227,"6706f37f15c2b9798b2b0b7d","6706f27e15c2b9798b2b0a34"
228,"6706f28315c2b9798b2b0a3f","6706f27e15c2b9798b2b0a34"
229,"6706f38515c2b9798b2b0b85","6706f27f15c2b9798b2b0a36"
230,"6706f38415c2b9798b2b0b84","6706f27f15c2b9798b2b0a36"
231,"6706f0f045fe7efa4ac730e4","6706f27f15c2b9798b2b0a36"
232,"6706f38515c2b9798b2b0b86","6706f27f15c2b9798b2b0a36"
233,"6706f1fa15c2b9798b2b0996","6706f27f15c2b9798b2b0a36"
234,"6706f38615c2b9798b2b0b88","6706f27f15c2b9798b2b0a36"
235,"6706f38515c2b9798b2b0b87","6706f27f15c2b9798b2b0a36"
236,"6706f39715c2b9798b2b0b9a","6706f28115c2b9798b2b0a3c"
237,"6706f25a15c2b9798b2b09f9","6706f28115c2b9798b2b0a3c"
238,"6706f39815c2b9798b2b0b9c","6706f28115c2b9798b2b0a3c"
239,"6706f39815c2b9798b2b0b9d","6706f28115c2b9798b2b0a3c"
240,"6706f39715c2b9798b2b0b9b","6706f28115c2b9798b2b0a3c"
241,"6706f3a415c2b9798b2b0bad","6706f28615c2b9798b2b0a43"
242,"6706f1d815c2b9798b2b0970","6706f28615c2b9798b2b0a43"
243,"6706f3aa15c2b9798b2b0bba","6706f28715c2b9798b2b0a44"
244,"6706f3a915c2b9798b2b0bb9","6706f28715c2b9798b2b0a44"
245,"6706f3a915c2b9798b2b0bb8","6706f28715c2b9798b2b0a44"
246,"6706f28c15c2b9798b2b0a4d","6706f28b15c2b9798b2b0a49"
247,"6706f3bc15c2b9798b2b0bca","6706f29115c2b9798b2b0a56"
248,"6706f3bb15c2b9798b2b0bc8","6706f29115c2b9798b2b0a56"
249,"6706f25d15c2b9798b2b09fe","6706f29115c2b9798b2b0a56"
250,"6706f3bc15c2b9798b2b0bc9","6706f29115c2b9798b2b0a56"
251,"6706f3be15c2b9798b2b0bcb","6706f29115c2b9798b2b0a57"
252,"6706f1fa15c2b9798b2b0997","6706f29115c2b9798b2b0a57"
253,"6706f1fa15c2b9798b2b0996","6706f29115c2b9798b2b0a57"
254,"6706f3c415c2b9798b2b0bd0","6706f29815c2b9798b2b0a60"
255,"6706f3c415c2b9798b2b0bcf","6706f29815c2b9798b2b0a60"
256,"6706f3c415c2b9798b2b0bce","6706f29815c2b9798b2b0a60"
257,"6706f3d615c2b9798b2b0bef","6706f34315c2b9798b2b0b42"
258,"6706f1fa15c2b9798b2b0996","6706f34315c2b9798b2b0b42"
259,"6706f29515c2b9798b2b0a5c","6706f34315c2b9798b2b0b42"
260,"6706f0a590b652736e31073b","6706f34315c2b9798b2b0b42"
261,"6706f3d815c2b9798b2b0bf2","6706f34315c2b9798b2b0b42"
262,"6706f3d815c2b9798b2b0bf1","6706f34315c2b9798b2b0b42"
263,"6706f0a890b652736e310743","6706f34315c2b9798b2b0b42"
264,"6706f21e15c2b9798b2b09c4","6706f34315c2b9798b2b0b42"
265,"6706f3d715c2b9798b2b0bf0","6706f34315c2b9798b2b0b42"
266,"6706f22f15c2b9798b2b09cd","6706f34315c2b9798b2b0b42"
267,"6706f0a590b652736e31073b","6706f34415c2b9798b2b0b43"
268,"6706f3d615c2b9798b2b0bef","6706f34415c2b9798b2b0b43"
269,"6706f3e515c2b9798b2b0bff","6706f35415c2b9798b2b0b52"
270,"6706f3e415c2b9798b2b0bfe","6706f35415c2b9798b2b0b52"
271,"6706f22f15c2b9798b2b09cd","6706f35415c2b9798b2b0b52"
272,"6706f1db15c2b9798b2b0973","6706f35415c2b9798b2b0b53"
273,"6706f3eb15c2b9798b2b0c07","6706f35415c2b9798b2b0b53"
274,"6706f3f515c2b9798b2b0c12","6706f35515c2b9798b2b0b56"
275,"6706f3f515c2b9798b2b0c11","6706f35515c2b9798b2b0b56"
276,"6706f3fe15c2b9798b2b0c22","6706f35b15c2b9798b2b0b5c"
277,"6706f3fe15c2b9798b2b0c21","6706f35b15c2b9798b2b0b5c"
278,"6706f3fe15c2b9798b2b0c23","6706f35b15c2b9798b2b0b5c"
279,"6706f0319ded543374d12da4","6706f35b15c2b9798b2b0b5c"
280,"6706f0319ded543374d12da4","6706f35b15c2b9798b2b0b5d"
281,"6706f0a690b652736e31073d","6706f35b15c2b9798b2b0b5d"
282,"6706f35e15c2b9798b2b0b60","6706f35b15c2b9798b2b0b5d"
283,"6706f35f15c2b9798b2b0b61","6706f35b15c2b9798b2b0b5d"
284,"6706f35e15c2b9798b2b0b5f","6706f35b15c2b9798b2b0b5d"
285,"6706f40b15c2b9798b2b0c3e","6706f35b15c2b9798b2b0b5d"
286,"6706f40f15c2b9798b2b0c41","6706f36515c2b9798b2b0b66"
287,"6706f40f15c2b9798b2b0c40","6706f36515c2b9798b2b0b66"
288,"6706f40f15c2b9798b2b0c3f","6706f36515c2b9798b2b0b66"
289,"6706f41515c2b9798b2b0c44","6706f36515c2b9798b2b0b68"
290,"6706f40f15c2b9798b2b0c3f","6706f36515c2b9798b2b0b68"
291,"6706f41515c2b9798b2b0c44","6706f36a15c2b9798b2b0b6d"
292,"6706f37915c2b9798b2b0b78","6706f37715c2b9798b2b0b74"
293,"6706f42815c2b9798b2b0c57","6706f38215c2b9798b2b0b80"
294,"6706f23715c2b9798b2b09db","6706f38215c2b9798b2b0b80"
295,"6706f3fe15c2b9798b2b0c21","6706f38215c2b9798b2b0b80"
296,"6706f1fa15c2b9798b2b0997","6706f38215c2b9798b2b0b80"
297,"6706f43215c2b9798b2b0c67","6706f38a15c2b9798b2b0b8a"
298,"6706f0a890b652736e310743","6706f38a15c2b9798b2b0b8a"
299,"6706f43215c2b9798b2b0c66","6706f38a15c2b9798b2b0b8a"
300,"6706f43815c2b9798b2b0c6f","6706f38b15c2b9798b2b0b8b"
301,"6706f2a315c2b9798b2b0a6d","6706f38b15c2b9798b2b0b8b"
302,"6706f1d815c2b9798b2b0970","6706f38b15c2b9798b2b0b8b"
303,"6706f43915c2b9798b2b0c70","6706f38b15c2b9798b2b0b8b"
304,"6706f1fb15c2b9798b2b0998","6706f38b15c2b9798b2b0b8b"
305,"6706f43f15c2b9798b2b0c76","6706f39215c2b9798b2b0b90"
306,"6706f43f15c2b9798b2b0c75","6706f39215c2b9798b2b0b90"
307,"6706f43e15c2b9798b2b0c74","6706f39215c2b9798b2b0b90"
308,"6706f2a315c2b9798b2b0a6d","6706f2a215c2b9798b2b0a6a"
309,"6706f1d815c2b9798b2b096e","6706f2a215c2b9798b2b0a6a"
310,"6706f2a315c2b9798b2b0a70","6706f2a215c2b9798b2b0a6a"
311,"6706f2a415c2b9798b2b0a72","6706f2a215c2b9798b2b0a6a"
312,"6706f44a15c2b9798b2b0c7b","6706f2a215c2b9798b2b0a6a"
313,"6706f46515c2b9798b2b0c97","6706f2c215c2b9798b2b0a8b"
314,"6706f2a415c2b9798b2b0a72","6706f2c315c2b9798b2b0a8d"
315,"6706f47015c2b9798b2b0cad","6706f2c315c2b9798b2b0a8d"
316,"6706f26b15c2b9798b2b0a13","6706f2c315c2b9798b2b0a8d"
317,"6706f1fa15c2b9798b2b0997","6706f2c315c2b9798b2b0a8d"
318,"6706f47015c2b9798b2b0cac","6706f2c315c2b9798b2b0a8d"
319,"6706f1fa15c2b9798b2b0996","6706f2c315c2b9798b2b0a8d"
320,"6706f47115c2b9798b2b0cae","6706f2c315c2b9798b2b0a8d"
321,"6706f47915c2b9798b2b0cb3","6706f2cf15c2b9798b2b0a9d"
322,"6706f48315c2b9798b2b0cbc","6706f2d515c2b9798b2b0aa3"
323,"6706f43815c2b9798b2b0c6f","6706f2d515c2b9798b2b0aa3"
324,"6706f37f15c2b9798b2b0b7d","6706f2d515c2b9798b2b0aa3"
325,"6706f0cf45fe7efa4ac730b9","6706f2d515c2b9798b2b0aa3"
326,"6706f1fb15c2b9798b2b0998","6706f2d515c2b9798b2b0aa3"
327,"6706f1fa15c2b9798b2b0996","6706f2d515c2b9798b2b0aa3"
328,"6706f48215c2b9798b2b0cbb","6706f2d515c2b9798b2b0aa3"
329,"6706f48315c2b9798b2b0cbd","6706f2d515c2b9798b2b0aa3"
330,"6706f35e15c2b9798b2b0b5f","6706f2d515c2b9798b2b0aa3"
331,"6706f48315c2b9798b2b0cbe","6706f2d515c2b9798b2b0aa3"
332,"6706f26b15c2b9798b2b0a13","6706f2d515c2b9798b2b0aa3"
333,"6706f1d815c2b9798b2b096f","6706f2d515c2b9798b2b0aa3"
334,"6706f24215c2b9798b2b09e4","6706f2d615c2b9798b2b0aa5"
335,"6706f48a15c2b9798b2b0cc8","6706f2d615c2b9798b2b0aa5"
336,"6706f2e715c2b9798b2b0abe","6706f2d615c2b9798b2b0aa5"
337,"6706f48b15c2b9798b2b0cca","6706f2d615c2b9798b2b0aa5"
338,"6706f48b15c2b9798b2b0cc9","6706f2d615c2b9798b2b0aa5"
339,"6706f0a890b652736e310741","6706f2df15c2b9798b2b0ab1"
340,"6706f49415c2b9798b2b0cd0","6706f2e015c2b9798b2b0ab3"
341,"6706f3c415c2b9798b2b0bd0","6706f2e015c2b9798b2b0ab3"
342,"6706f49615c2b9798b2b0cd5","6706f2e015c2b9798b2b0ab4"
343,"6706f49615c2b9798b2b0cd3","6706f2e015c2b9798b2b0ab4"
344,"6706f49615c2b9798b2b0cd4","6706f2e015c2b9798b2b0ab4"
345,"6706f49715c2b9798b2b0cd7","6706f2e015c2b9798b2b0ab4"
346,"6706f49515c2b9798b2b0cd2","6706f2e015c2b9798b2b0ab4"
347,"6706f43815c2b9798b2b0c6f","6706f2e015c2b9798b2b0ab4"
348,"6706f49715c2b9798b2b0cd6","6706f2e015c2b9798b2b0ab4"
349,"6706f49515c2b9798b2b0cd1","6706f2e015c2b9798b2b0ab4"
350,"6706f28c15c2b9798b2b0a4d","6706f2e115c2b9798b2b0ab6"
351,"6706f35e15c2b9798b2b0b5f","6706f2e215c2b9798b2b0ab8"
352,"6706f4b415c2b9798b2b0cfa","6706f2f215c2b9798b2b0ac8"
353,"6706f4b415c2b9798b2b0cf9","6706f2f215c2b9798b2b0ac8"
354,"6706f4b415c2b9798b2b0cf8","6706f2f215c2b9798b2b0ac8"
355,"6706f4be15c2b9798b2b0cfd","6706f2f415c2b9798b2b0acd"
356,"6706f1d015c2b9798b2b0963","6706f2f515c2b9798b2b0ace"
357,"6706f4bf15c2b9798b2b0d00","6706f2f515c2b9798b2b0ace"
358,"6706f4bf15c2b9798b2b0cff","6706f2f515c2b9798b2b0ace"
359,"6706f4c515c2b9798b2b0d0a","6706f2f515c2b9798b2b0acf"
360,"6706f4c515c2b9798b2b0d09","6706f2f515c2b9798b2b0acf"
361,"6706f1fa15c2b9798b2b0996","6706f2f515c2b9798b2b0acf"
362,"6706f4c615c2b9798b2b0d0b","6706f2f515c2b9798b2b0acf"
363,"6706f4c515c2b9798b2b0d08","6706f2f515c2b9798b2b0acf"
364,"6706f4c615c2b9798b2b0d0c","6706f2f515c2b9798b2b0acf"
365,"6706f35e15c2b9798b2b0b5f","6706f2f515c2b9798b2b0acf"
366,"6706f1d815c2b9798b2b0970","6706f2f515c2b9798b2b0ad0"
367,"6706f1fa15c2b9798b2b0997","6706f2f515c2b9798b2b0ad0"
368,"6706f4d315c2b9798b2b0d1b","6706f2f715c2b9798b2b0ad5"
369,"6706f4d215c2b9798b2b0d18","6706f2f715c2b9798b2b0ad5"
370,"6706f4d215c2b9798b2b0d19","6706f2f715c2b9798b2b0ad5"
371,"6706f4d315c2b9798b2b0d1d","6706f2f715c2b9798b2b0ad5"
372,"6706f4b415c2b9798b2b0cf9","6706f2f715c2b9798b2b0ad5"
373,"6706f4d215c2b9798b2b0d1a","6706f2f715c2b9798b2b0ad5"
374,"6706f4d315c2b9798b2b0d1c","6706f2f715c2b9798b2b0ad5"
375,"6706f4d115c2b9798b2b0d17","6706f2f715c2b9798b2b0ad5"
376,"6706f4db15c2b9798b2b0d21","6706f2fa15c2b9798b2b0adc"
377,"6706f4b415c2b9798b2b0cf9","6706f2fa15c2b9798b2b0adc"
378,"6706f4db15c2b9798b2b0d20","6706f2fa15c2b9798b2b0adc"
379,"6706f1d815c2b9798b2b0970","6706f2fb15c2b9798b2b0ade"
380,"6706f1db15c2b9798b2b0973","6706f2fd15c2b9798b2b0ae2"
381,"6706f4e115c2b9798b2b0d25","6706f2fd15c2b9798b2b0ae2"
382,"6706f4e115c2b9798b2b0d24","6706f2fd15c2b9798b2b0ae2"
383,"6706f4e715c2b9798b2b0d2b","6706f2ff15c2b9798b2b0ae7"
384,"6706f4e715c2b9798b2b0d2a","6706f2ff15c2b9798b2b0ae7"
385,"6706f4ef15c2b9798b2b0d31","6706f30215c2b9798b2b0aef"
386,"6706f4ef15c2b9798b2b0d2f","6706f30215c2b9798b2b0aef"
387,"6706f4f015c2b9798b2b0d32","6706f30215c2b9798b2b0aef"
388,"6706f4ef15c2b9798b2b0d30","6706f30215c2b9798b2b0aef"
389,"6706f4f015c2b9798b2b0d32","6706f30215c2b9798b2b0af1"
390,"6706f4f215c2b9798b2b0d34","6706f30215c2b9798b2b0af1"
391,"6706f4f415c2b9798b2b0d36","6706f30315c2b9798b2b0af2"
392,"6706f4f415c2b9798b2b0d35","6706f30315c2b9798b2b0af2"
393,"6706f22f15c2b9798b2b09cd","6706f30815c2b9798b2b0afc"
394,"6706f3fe15c2b9798b2b0c21","6706f30815c2b9798b2b0afc"
395,"6706f1fb15c2b9798b2b0998","6706f30815c2b9798b2b0afc"
396,"6706f50115c2b9798b2b0d40","6706f30815c2b9798b2b0afc"
464,"6706f29215c2b9798b2b0a59","6706f46015c2b9798b2b0c8f"
465,"6706f59115c2b9798b2b0e12","6706f46015c2b9798b2b0c8f"
399,"6706f0a690b652736e31073d","6706f30915c2b9798b2b0aff"
400,"6706f50715c2b9798b2b0d4a","6706f30915c2b9798b2b0aff"
401,"6706f4c615c2b9798b2b0d0c","6706f30915c2b9798b2b0aff"
402,"6706f1fa15c2b9798b2b0997","6706f30915c2b9798b2b0aff"
403,"6706f42815c2b9798b2b0c57","6706f31615c2b9798b2b0b10"
404,"6706f51515c2b9798b2b0d60","6706f31615c2b9798b2b0b10"
405,"6706f51615c2b9798b2b0d62","6706f31615c2b9798b2b0b10"
406,"6706f2a315c2b9798b2b0a6d","6706f31615c2b9798b2b0b10"
407,"6706f51615c2b9798b2b0d61","6706f31615c2b9798b2b0b10"
408,"6706f51a15c2b9798b2b0d66","6706f31a15c2b9798b2b0b13"
409,"6706f51d15c2b9798b2b0d69","6706f31a15c2b9798b2b0b14"
410,"6706f51c15c2b9798b2b0d68","6706f31a15c2b9798b2b0b14"
411,"6706f51c15c2b9798b2b0d68","6706f31b15c2b9798b2b0b15"
412,"6706f52315c2b9798b2b0d78","6706f31b15c2b9798b2b0b15"
413,"6706f52715c2b9798b2b0d7f","6706f31b15c2b9798b2b0b16"
414,"6706f52715c2b9798b2b0d7e","6706f31b15c2b9798b2b0b16"
415,"6706f52d15c2b9798b2b0d8a","6706f31c15c2b9798b2b0b17"
416,"6706f52d15c2b9798b2b0d89","6706f31c15c2b9798b2b0b17"
417,"6706f0a690b652736e31073d","6706f31f15c2b9798b2b0b1b"
418,"6706f4f015c2b9798b2b0d32","6706f31f15c2b9798b2b0b1b"
419,"6706f1fb15c2b9798b2b0998","6706f31f15c2b9798b2b0b1b"
420,"6706f2fc15c2b9798b2b0ae1","6706f31f15c2b9798b2b0b1b"
421,"6706f53d15c2b9798b2b0da6","6706f32115c2b9798b2b0b1c"
422,"6706f33615c2b9798b2b0b37","6706f32115c2b9798b2b0b1c"
423,"6706f51615c2b9798b2b0d61","6706f32115c2b9798b2b0b1c"
424,"6706f53c15c2b9798b2b0da3","6706f32115c2b9798b2b0b1c"
425,"6706f42815c2b9798b2b0c57","6706f32115c2b9798b2b0b1c"
426,"6706f51615c2b9798b2b0d62","6706f32115c2b9798b2b0b1c"
427,"6706f53d15c2b9798b2b0da5","6706f32115c2b9798b2b0b1c"
428,"6706f32715c2b9798b2b0b26","6706f32115c2b9798b2b0b1c"
429,"6706f53c15c2b9798b2b0da4","6706f32115c2b9798b2b0b1c"
430,"6706f1fb15c2b9798b2b0998","6706f32215c2b9798b2b0b1d"
431,"6706f1fa15c2b9798b2b0996","6706f32215c2b9798b2b0b1d"
432,"6706f33915c2b9798b2b0b38","6706f32215c2b9798b2b0b1d"
433,"6706f54715c2b9798b2b0db7","6706f32215c2b9798b2b0b1d"
434,"6706f42815c2b9798b2b0c57","6706f32215c2b9798b2b0b1d"
435,"6706f51615c2b9798b2b0d61","6706f32215c2b9798b2b0b1d"
436,"6706f55315c2b9798b2b0dcd","6706f32315c2b9798b2b0b1e"
437,"6706f2e715c2b9798b2b0abe","6706f32315c2b9798b2b0b1e"
438,"6706f55315c2b9798b2b0dce","6706f32315c2b9798b2b0b1e"
439,"6706f55315c2b9798b2b0dcc","6706f32315c2b9798b2b0b1e"
440,"6706f55a15c2b9798b2b0dd9","6706f32415c2b9798b2b0b20"
441,"6706f55a15c2b9798b2b0dd8","6706f32415c2b9798b2b0b20"
442,"6706f55b15c2b9798b2b0ddb","6706f32415c2b9798b2b0b20"
443,"6706f55b15c2b9798b2b0ddc","6706f32415c2b9798b2b0b20"
444,"6706f55a15c2b9798b2b0dda","6706f32415c2b9798b2b0b20"
445,"6706f55f15c2b9798b2b0de1","6706f32415c2b9798b2b0b21"
446,"6706f55f15c2b9798b2b0de0","6706f32415c2b9798b2b0b21"
447,"6706f2fc15c2b9798b2b0ae1","6706f32415c2b9798b2b0b21"
448,"6706f23715c2b9798b2b09db","6706f32415c2b9798b2b0b21"
449,"6706f0a690b652736e31073d","6706f32415c2b9798b2b0b21"
450,"6706f56015c2b9798b2b0de2","6706f32415c2b9798b2b0b21"
451,"6706f26b15c2b9798b2b0a13","6706f32415c2b9798b2b0b22"
452,"6706f56615c2b9798b2b0dee","6706f32415c2b9798b2b0b22"
453,"6706f56c15c2b9798b2b0df4","6706f32e15c2b9798b2b0b2b"
454,"6706f56b15c2b9798b2b0df3","6706f32e15c2b9798b2b0b2b"
455,"6706f26315c2b9798b2b0a08","6706f32f15c2b9798b2b0b2d"
456,"6706f56f15c2b9798b2b0df7","6706f32f15c2b9798b2b0b2d"
457,"6706f57a15c2b9798b2b0dfb","6706f45815c2b9798b2b0c83"
458,"6706f57915c2b9798b2b0dfa","6706f45815c2b9798b2b0c83"
459,"6706f26b15c2b9798b2b0a13","6706f45915c2b9798b2b0c85"
460,"6706f58115c2b9798b2b0e07","6706f45915c2b9798b2b0c85"
461,"6706f58815c2b9798b2b0e0c","6706f45a15c2b9798b2b0c89"
466,"6706f59215c2b9798b2b0e13","6706f46015c2b9798b2b0c8f"
467,"6706f53c15c2b9798b2b0da3","6706f46015c2b9798b2b0c8f"
468,"6706f59115c2b9798b2b0e11","6706f46015c2b9798b2b0c8f"
469,"6706f59315c2b9798b2b0e14","6706f46015c2b9798b2b0c8f"
470,"6706f46515c2b9798b2b0c97","6706f46015c2b9798b2b0c8f"
471,"6706f0a890b652736e310743","6706f46215c2b9798b2b0c92"
472,"6706f46515c2b9798b2b0c97","6706f46215c2b9798b2b0c92"
473,"6706f5a715c2b9798b2b0e2c","6706f46715c2b9798b2b0c99"
474,"6706f47015c2b9798b2b0cad","6706f46915c2b9798b2b0c9d"
475,"6706f5be15c2b9798b2b0e47","6706f46a15c2b9798b2b0ca0"
476,"6706f1fb15c2b9798b2b099a","6706f46a15c2b9798b2b0ca0"
477,"6706f2ec15c2b9798b2b0ac3","6706f46a15c2b9798b2b0ca0"
478,"6706f5be15c2b9798b2b0e48","6706f46a15c2b9798b2b0ca0"
479,"6706f1fb15c2b9798b2b0998","6706f46a15c2b9798b2b0ca0"
480,"6706f5c115c2b9798b2b0e4a","6706f46b15c2b9798b2b0ca2"
481,"6706f5c115c2b9798b2b0e49","6706f46b15c2b9798b2b0ca2"
482,"6706f5c215c2b9798b2b0e4c","6706f46b15c2b9798b2b0ca2"
483,"6706f51615c2b9798b2b0d62","6706f46b15c2b9798b2b0ca2"
484,"6706f5c115c2b9798b2b0e4b","6706f46b15c2b9798b2b0ca2"
485,"6706f5c915c2b9798b2b0e52","6706f46d15c2b9798b2b0ca5"
486,"6706f2e715c2b9798b2b0abe","6706f4af15c2b9798b2b0cf2"
487,"6706f0a890b652736e310743","6706f4af15c2b9798b2b0cf3"
488,"6706f2a415c2b9798b2b0a72","6706f4af15c2b9798b2b0cf3"
617,"67082c595f2a9b4b88ae06b0","6706f3cd15c2b9798b2b0bd9"
618,"67082c785f2a9b4b88ae06cf","6706f3d215c2b9798b2b0be6"
619,"6706f29515c2b9798b2b0a5c","6706f3d215c2b9798b2b0be6"
620,"67082c775f2a9b4b88ae06ce","6706f3d215c2b9798b2b0be6"
621,"67082c7a5f2a9b4b88ae06d1","6706f3d215c2b9798b2b0be7"
622,"6706f2e715c2b9798b2b0abe","6706f3d215c2b9798b2b0be7"
623,"67082c795f2a9b4b88ae06d0","6706f3d215c2b9798b2b0be7"
624,"67082c885f2a9b4b88ae06d9","6706f3df15c2b9798b2b0bf7"
625,"6706f22f15c2b9798b2b09cd","6706f3df15c2b9798b2b0bf7"
626,"6706f22f15c2b9798b2b09cd","6706f3e015c2b9798b2b0bf8"
627,"67082c965f2a9b4b88ae06e1","6706f3e315c2b9798b2b0bfd"
628,"67082c965f2a9b4b88ae06e0","6706f3e315c2b9798b2b0bfd"
629,"6706f1fa15c2b9798b2b0996","6706f3ea15c2b9798b2b0c04"
630,"67082ca15f2a9b4b88ae06ec","6706f3ea15c2b9798b2b0c04"
631,"67082caa5f2a9b4b88ae06f9","6706f3eb15c2b9798b2b0c06"
632,"6706f2e715c2b9798b2b0abe","6706f3eb15c2b9798b2b0c06"
633,"67082cb35f2a9b4b88ae0702","6706f3f215c2b9798b2b0c0a"
634,"67082cb25f2a9b4b88ae0701","6706f3f215c2b9798b2b0c0a"
635,"6706f3f515c2b9798b2b0c12","6706f3f315c2b9798b2b0c0d"
636,"67082cb95f2a9b4b88ae070a","6706f3f315c2b9798b2b0c0d"
637,"6706f2b015c2b9798b2b0a7e","6706f3f315c2b9798b2b0c0d"
638,"6706f0cf45fe7efa4ac730b9","6706f3f415c2b9798b2b0c10"
639,"6706f0319ded543374d12da4","6706f3fa15c2b9798b2b0c18"
640,"6706f1fa15c2b9798b2b0997","6706f40215c2b9798b2b0c2a"
641,"67082cdf5f2a9b4b88ae0722","6706f40515c2b9798b2b0c32"
642,"6706f63015c2b9798b2b0ed1","6706f40515c2b9798b2b0c32"
643,"6706f2dc15c2b9798b2b0aad","6706f40515c2b9798b2b0c32"
644,"6706f1d815c2b9798b2b096f","6706f41a15c2b9798b2b0c48"
645,"67082cf15f2a9b4b88ae0736","6706f41a15c2b9798b2b0c48"
646,"67082cf05f2a9b4b88ae0732","6706f41a15c2b9798b2b0c48"
647,"67082cf15f2a9b4b88ae0734","6706f41a15c2b9798b2b0c48"
648,"67082cf05f2a9b4b88ae0731","6706f41a15c2b9798b2b0c48"
649,"67082cf25f2a9b4b88ae0737","6706f41a15c2b9798b2b0c48"
650,"67082cef5f2a9b4b88ae0730","6706f41a15c2b9798b2b0c48"
651,"67082cf35f2a9b4b88ae073b","6706f41a15c2b9798b2b0c48"
652,"67082cf35f2a9b4b88ae073c","6706f41a15c2b9798b2b0c48"
653,"67082cf55f2a9b4b88ae0740","6706f41a15c2b9798b2b0c48"
654,"6706f1d815c2b9798b2b0970","6706f41a15c2b9798b2b0c48"
655,"67082cf45f2a9b4b88ae073d","6706f41a15c2b9798b2b0c48"
656,"67082cf15f2a9b4b88ae0735","6706f41a15c2b9798b2b0c48"
657,"67082cf25f2a9b4b88ae0739","6706f41a15c2b9798b2b0c48"
658,"67082cf35f2a9b4b88ae073a","6706f41a15c2b9798b2b0c48"
659,"67082cf55f2a9b4b88ae0741","6706f41a15c2b9798b2b0c48"
660,"67082cf25f2a9b4b88ae0738","6706f41a15c2b9798b2b0c48"
661,"67082cf05f2a9b4b88ae0733","6706f41a15c2b9798b2b0c48"
662,"67082cf45f2a9b4b88ae073f","6706f41a15c2b9798b2b0c48"
663,"6706f40f15c2b9798b2b0c3f","6706f41a15c2b9798b2b0c48"
664,"67082cf45f2a9b4b88ae073e","6706f41a15c2b9798b2b0c48"
665,"6706f0a790b652736e31073e","6706f41a15c2b9798b2b0c48"
666,"67082cf85f2a9b4b88ae0747","6706f41d15c2b9798b2b0c4a"
667,"6706f1fa15c2b9798b2b0997","6706f42315c2b9798b2b0c4d"
668,"6706f1fb15c2b9798b2b099a","6706f42315c2b9798b2b0c4d"
669,"6706f1fb15c2b9798b2b099a","6706f42315c2b9798b2b0c4e"
670,"6706f1db15c2b9798b2b0973","6706f42315c2b9798b2b0c4e"
671,"67082d085f2a9b4b88ae0755","6706f42315c2b9798b2b0c4e"
672,"6706f1fa15c2b9798b2b0997","6706f42315c2b9798b2b0c4e"
673,"6706f21e15c2b9798b2b09c4","6706f42315c2b9798b2b0c4e"
674,"67082d085f2a9b4b88ae0756","6706f42315c2b9798b2b0c4e"
675,"6706f1d815c2b9798b2b0970","6706f42315c2b9798b2b0c4e"
676,"67082d075f2a9b4b88ae0753","6706f42315c2b9798b2b0c4e"
677,"67082d085f2a9b4b88ae0754","6706f42315c2b9798b2b0c4e"
678,"6706f23715c2b9798b2b09db","6706f42315c2b9798b2b0c4e"
679,"6706f1fa15c2b9798b2b0997","6706f42415c2b9798b2b0c4f"
682,"67082d1e5f2a9b4b88ae076a","6706f42b15c2b9798b2b0c59"
683,"6706f0a890b652736e310743","6706f42d15c2b9798b2b0c5a"
684,"6706f43215c2b9798b2b0c66","6706f42d15c2b9798b2b0c5a"
685,"67082d225f2a9b4b88ae076e","6706f42d15c2b9798b2b0c5a"
686,"6706f53c15c2b9798b2b0da3","6706f42d15c2b9798b2b0c5a"
687,"67082d225f2a9b4b88ae076d","6706f42d15c2b9798b2b0c5a"
688,"6706f53c15c2b9798b2b0da3","6706f42f15c2b9798b2b0c5f"
689,"67082d225f2a9b4b88ae076d","6706f42f15c2b9798b2b0c5f"
690,"67082d2c5f2a9b4b88ae077c","6706f42f15c2b9798b2b0c5f"
691,"67082d315f2a9b4b88ae0782","6706f43015c2b9798b2b0c61"
692,"67082d305f2a9b4b88ae0781","6706f43015c2b9798b2b0c61"
693,"67082d305f2a9b4b88ae0780","6706f43015c2b9798b2b0c61"
694,"6706f43915c2b9798b2b0c70","6706f43515c2b9798b2b0c69"
695,"6706f1d815c2b9798b2b0970","6706f43515c2b9798b2b0c69"
696,"67082d455f2a9b4b88ae0795","6706f43715c2b9798b2b0c6d"
697,"6706f43915c2b9798b2b0c70","6706f43715c2b9798b2b0c6d"
698,"6706f1d815c2b9798b2b0970","6706f43715c2b9798b2b0c6d"
699,"6706f43f15c2b9798b2b0c75","6706f43c15c2b9798b2b0c72"
700,"6706f43e15c2b9798b2b0c74","6706f43c15c2b9798b2b0c72"
701,"67082d515f2a9b4b88ae07a2","6706f44a15c2b9798b2b0c7a"
702,"6706f28e15c2b9798b2b0a51","6706f44a15c2b9798b2b0c7a"
703,"6706f1d815c2b9798b2b0970","6706f44d15c2b9798b2b0c7d"
704,"6706f53c15c2b9798b2b0da3","6706f44d15c2b9798b2b0c7d"
705,"67082d5b5f2a9b4b88ae07b3","6706f44d15c2b9798b2b0c7d"
706,"6706f22f15c2b9798b2b09cd","6706f44d15c2b9798b2b0c7d"
707,"67082d645f2a9b4b88ae07c1","6706f45515c2b9798b2b0c82"
708,"6706f2a415c2b9798b2b0a72","6706f45515c2b9798b2b0c82"
709,"67082d655f2a9b4b88ae07c2","6706f45515c2b9798b2b0c82"
710,"67082d645f2a9b4b88ae07c0","6706f45515c2b9798b2b0c82"
711,"6706f2fc15c2b9798b2b0ae1","6706f55d15c2b9798b2b0ddd"
712,"6706f56015c2b9798b2b0de2","6706f55d15c2b9798b2b0ddd"
713,"6706f0a690b652736e31073d","6706f55d15c2b9798b2b0ddd"
714,"6706f28315c2b9798b2b0a3f","6706f55d15c2b9798b2b0ddd"
715,"6706f55f15c2b9798b2b0de0","6706f55d15c2b9798b2b0ddd"
716,"6706f55f15c2b9798b2b0de1","6706f55d15c2b9798b2b0ddd"
717,"67082d7b5f2a9b4b88ae07d3","6706f56315c2b9798b2b0de6"
718,"6706f1fb15c2b9798b2b099a","6706f56315c2b9798b2b0de6"
719,"67082d7b5f2a9b4b88ae07d4","6706f56315c2b9798b2b0de6"
720,"67082d7a5f2a9b4b88ae07d2","6706f56315c2b9798b2b0de6"
721,"67082d855f2a9b4b88ae07d8","6706f57815c2b9798b2b0df8"
722,"67082d855f2a9b4b88ae07d7","6706f57815c2b9798b2b0df8"
723,"6706f57915c2b9798b2b0dfa","6706f57815c2b9798b2b0df8"
724,"67082d8a5f2a9b4b88ae07dd","6706f57815c2b9798b2b0df9"
725,"6706f1d015c2b9798b2b0963","6706f57815c2b9798b2b0df9"
726,"6706f23715c2b9798b2b09db","6706f57f15c2b9798b2b0e04"
727,"67082d925f2a9b4b88ae07e3","6706f57f15c2b9798b2b0e04"
728,"67082d935f2a9b4b88ae07e4","6706f57f15c2b9798b2b0e04"
729,"6706f2e715c2b9798b2b0abe","6706f57f15c2b9798b2b0e04"
730,"67082d935f2a9b4b88ae07e6","6706f57f15c2b9798b2b0e04"
731,"67082d935f2a9b4b88ae07e5","6706f57f15c2b9798b2b0e04"
732,"67082d925f2a9b4b88ae07e1","6706f57f15c2b9798b2b0e04"
733,"67082d925f2a9b4b88ae07e2","6706f57f15c2b9798b2b0e04"
734,"6706f0a890b652736e310743","6706f57f15c2b9798b2b0e04"
735,"6706f1fb15c2b9798b2b099a","6706f57f15c2b9798b2b0e04"
736,"6706f2b015c2b9798b2b0a7e","6706f58615c2b9798b2b0e08"
737,"6706f22f15c2b9798b2b09cd","6706f58615c2b9798b2b0e08"
1192,"6706f30f15c2b9798b2b0b09","67082c5d5f2a9b4b88ae06b4"
1193,"6706f1db15c2b9798b2b0973","67082c625f2a9b4b88ae06b8"
1194,"6706f5e315c2b9798b2b0e74","67082c625f2a9b4b88ae06b8"
1195,"6706f0f045fe7efa4ac730e4","67082c625f2a9b4b88ae06b8"
1196,"6706f1fa15c2b9798b2b0996","67082c625f2a9b4b88ae06b8"
1318,"6706f4c515c2b9798b2b0d08","67082dd05f2a9b4b88ae081f"
1319,"6706f4c515c2b9798b2b0d09","67082dd05f2a9b4b88ae081f"
1199,"6706f22f15c2b9798b2b09cd","67082c645f2a9b4b88ae06ba"
1200,"670831b2f5951699062f901b","67082c645f2a9b4b88ae06bb"
1201,"6706f2fc15c2b9798b2b0ae1","67082c645f2a9b4b88ae06bb"
1202,"670831b1f5951699062f901a","67082c645f2a9b4b88ae06bb"
1203,"670831b7f5951699062f901e","67082c655f2a9b4b88ae06be"
1204,"670831b6f5951699062f901d","67082c655f2a9b4b88ae06be"
1205,"670831c4f5951699062f9030","67082c6a5f2a9b4b88ae06c5"
1206,"6706f1fa15c2b9798b2b0997","67082c6a5f2a9b4b88ae06c5"
1207,"6706f23715c2b9798b2b09db","67082c6a5f2a9b4b88ae06c5"
1208,"6706f0319ded543374d12da4","67082c6e5f2a9b4b88ae06c6"
1209,"6706f22f15c2b9798b2b09cd","67082c6e5f2a9b4b88ae06c6"
1210,"670831caf5951699062f903c","67082c6e5f2a9b4b88ae06c6"
1211,"670831cbf5951699062f903d","67082c6e5f2a9b4b88ae06c6"
1212,"670831caf5951699062f903b","67082c6e5f2a9b4b88ae06c6"
1213,"670831cbf5951699062f903e","67082c6e5f2a9b4b88ae06c6"
1214,"67082e6d5f2a9b4b88ae08a8","67082c6f5f2a9b4b88ae06c7"
1215,"6706f62015c2b9798b2b0ebf","67082c6f5f2a9b4b88ae06c7"
1216,"6706f1db15c2b9798b2b0973","67082c6f5f2a9b4b88ae06c8"
1217,"67082dab5f2a9b4b88ae07fb","67082c6f5f2a9b4b88ae06c8"
1218,"670831caf5951699062f903b","67082c6f5f2a9b4b88ae06c8"
1219,"6706f1fb15c2b9798b2b0998","67082c6f5f2a9b4b88ae06c8"
1220,"6706f5be15c2b9798b2b0e47","67082c765f2a9b4b88ae06cc"
1221,"6706f4bf15c2b9798b2b0d00","67082c765f2a9b4b88ae06cc"
1222,"6706f1d815c2b9798b2b0970","67082c765f2a9b4b88ae06cc"
1223,"670831e1f5951699062f9053","67082c7f5f2a9b4b88ae06d2"
1224,"6706f22f15c2b9798b2b09cd","67082c7f5f2a9b4b88ae06d2"
1225,"670831caf5951699062f903c","67082c7f5f2a9b4b88ae06d2"
1226,"6706f0319ded543374d12da4","67082c7f5f2a9b4b88ae06d2"
1227,"670831e0f5951699062f9052","67082c7f5f2a9b4b88ae06d2"
1228,"6706f2fc15c2b9798b2b0ae1","67082c7f5f2a9b4b88ae06d2"
1229,"6706f1d815c2b9798b2b0970","67082c7f5f2a9b4b88ae06d2"
1230,"6706f1fa15c2b9798b2b0997","67082c7f5f2a9b4b88ae06d3"
1231,"6706f1fa15c2b9798b2b0996","67082c7f5f2a9b4b88ae06d3"
1232,"6706f53d15c2b9798b2b0da5","67082c7f5f2a9b4b88ae06d3"
1233,"6706f23715c2b9798b2b09db","67082c7f5f2a9b4b88ae06d3"
1234,"6706f23715c2b9798b2b09db","67082c805f2a9b4b88ae06d4"
1235,"6706f35e15c2b9798b2b0b5f","67082c805f2a9b4b88ae06d5"
1236,"67082ca15f2a9b4b88ae06ec","67082c805f2a9b4b88ae06d5"
1237,"6706f1fa15c2b9798b2b0996","67082c805f2a9b4b88ae06d5"
1238,"670831edf5951699062f9058","67082c805f2a9b4b88ae06d5"
1239,"670831ecf5951699062f9057","67082c805f2a9b4b88ae06d5"
1240,"670831eef5951699062f9059","67082c805f2a9b4b88ae06d5"
1241,"67082f0b7e141ea1004f0d59","67082c805f2a9b4b88ae06d5"
1242,"6706f1fb15c2b9798b2b099a","67082c815f2a9b4b88ae06d6"
1243,"6706f0a890b652736e310743","67082c815f2a9b4b88ae06d6"
1244,"6706f0a890b652736e310743","67082c815f2a9b4b88ae06d7"
1245,"6706f22f15c2b9798b2b09cd","67082c815f2a9b4b88ae06d7"
1246,"670831fdf5951699062f906a","67082cfd5f2a9b4b88ae0748"
1247,"670831fdf5951699062f9069","67082cfd5f2a9b4b88ae0748"
1248,"67083200f5951699062f906e","67082cfd5f2a9b4b88ae0749"
1249,"6706f28315c2b9798b2b0a3f","67082d025f2a9b4b88ae074b"
1250,"6708320af5951699062f907b","67082d025f2a9b4b88ae074b"
1251,"6706f1d815c2b9798b2b0970","67082d025f2a9b4b88ae074b"
1252,"670830c3f5951699062f8f3b","67082d025f2a9b4b88ae074b"
1253,"67082df65f2a9b4b88ae0841","67082d025f2a9b4b88ae074b"
1254,"6706f3bc15c2b9798b2b0bc9","67082d045f2a9b4b88ae074e"
1255,"6706f21e15c2b9798b2b09c4","67082d045f2a9b4b88ae074e"
1256,"67083210f5951699062f907f","67082d045f2a9b4b88ae074e"
1257,"67083210f5951699062f907e","67082d045f2a9b4b88ae074e"
1258,"6706f43815c2b9798b2b0c6f","67082d045f2a9b4b88ae0750"
1259,"67082d5b5f2a9b4b88ae07b3","67082d045f2a9b4b88ae0750"
1260,"6706f1fb15c2b9798b2b0998","67082d045f2a9b4b88ae0750"
1261,"670830edf5951699062f8f7d","67082d045f2a9b4b88ae0750"
1262,"6706f2ab15c2b9798b2b0a7a","67082d045f2a9b4b88ae0750"
1263,"6706f0f045fe7efa4ac730e4","67082d055f2a9b4b88ae0751"
1264,"6708321ef5951699062f9095","67082d055f2a9b4b88ae0751"
1265,"6708321ff5951699062f9096","67082d055f2a9b4b88ae0751"
1266,"6706f1db15c2b9798b2b0973","67082d055f2a9b4b88ae0751"
1299,"67083243f5951699062f90e1","67082dc25f2a9b4b88ae0812"
1300,"67083243f5951699062f90e0","67082dc25f2a9b4b88ae0812"
1301,"6706f5ea15c2b9798b2b0e7b","67082dc25f2a9b4b88ae0813"
1302,"6706f23715c2b9798b2b09db","67082dc25f2a9b4b88ae0813"
1303,"67082dc45f2a9b4b88ae0814","67082dc25f2a9b4b88ae0813"
1304,"67083256f5951699062f90fe","67082dc75f2a9b4b88ae0818"
1305,"6706f5e315c2b9798b2b0e74","67082dc95f2a9b4b88ae0819"
1306,"6706f0a690b652736e31073d","67082dc95f2a9b4b88ae0819"
1307,"6706f2fc15c2b9798b2b0ae1","67082dc95f2a9b4b88ae0819"
1308,"67082dcb5f2a9b4b88ae081b","67082dc95f2a9b4b88ae0819"
1309,"6706f4ef15c2b9798b2b0d2f","67082dc95f2a9b4b88ae0819"
1310,"6706f22f15c2b9798b2b09cd","67082dc95f2a9b4b88ae0819"
1311,"6706f47015c2b9798b2b0cac","67082dc95f2a9b4b88ae0819"
1312,"6706f1fb15c2b9798b2b0998","67082dc95f2a9b4b88ae0819"
1313,"6708325df5951699062f9106","67082dc95f2a9b4b88ae0819"
1314,"6706f4c515c2b9798b2b0d08","67082dc95f2a9b4b88ae0819"
1315,"6706f2e715c2b9798b2b0abe","67082dc95f2a9b4b88ae0819"
1320,"670832793a9193be0699aa09","67082dd55f2a9b4b88ae0825"
1321,"670832783a9193be0699aa08","67082dd55f2a9b4b88ae0825"
1322,"6706f5c115c2b9798b2b0e4b","67082dd55f2a9b4b88ae0825"
1323,"670832813a9193be0699aa1c","67082dd55f2a9b4b88ae0826"
1324,"670832823a9193be0699aa1e","67082dd55f2a9b4b88ae0826"
1325,"670832813a9193be0699aa1a","67082dd55f2a9b4b88ae0826"
1326,"670832803a9193be0699aa17","67082dd55f2a9b4b88ae0826"
1327,"670832813a9193be0699aa19","67082dd55f2a9b4b88ae0826"
1328,"670832823a9193be0699aa1f","67082dd55f2a9b4b88ae0826"
1329,"670832813a9193be0699aa1b","67082dd55f2a9b4b88ae0826"
1330,"670832823a9193be0699aa1d","67082dd55f2a9b4b88ae0826"
1331,"670832803a9193be0699aa18","67082dd55f2a9b4b88ae0826"
1332,"6706f47015c2b9798b2b0cac","67082dd65f2a9b4b88ae0827"
1333,"6708328c3a9193be0699aa35","67082dd65f2a9b4b88ae0827"
1334,"6706f1fa15c2b9798b2b0997","67082dd65f2a9b4b88ae0827"
1335,"6706f4c515c2b9798b2b0d08","67082dd65f2a9b4b88ae0827"
1336,"6708328c3a9193be0699aa34","67082dd65f2a9b4b88ae0827"
1337,"6708328d3a9193be0699aa36","67082dd65f2a9b4b88ae0827"
1338,"6706f5c115c2b9798b2b0e49","67082dd65f2a9b4b88ae0827"
1339,"67082dab5f2a9b4b88ae07fb","67082dd65f2a9b4b88ae0828"
1340,"670832903a9193be0699aa3a","67082dd65f2a9b4b88ae0828"
1341,"670832903a9193be0699aa39","67082dd65f2a9b4b88ae0828"
1342,"6708329a3a9193be0699aa48","67082ddb5f2a9b4b88ae082e"
1343,"6708329a3a9193be0699aa47","67082ddb5f2a9b4b88ae082e"
1344,"6706f1fb15c2b9798b2b099a","67082ddb5f2a9b4b88ae082e"
1345,"6706f47015c2b9798b2b0cad","67082ddb5f2a9b4b88ae082e"
1346,"67082edf5f2a9b4b88ae093f","67082ddb5f2a9b4b88ae082e"
1347,"6708329b3a9193be0699aa49","67082ddb5f2a9b4b88ae082e"
1348,"67082edf5f2a9b4b88ae093f","67082de65f2a9b4b88ae0836"
1349,"67083042f5951699062f8ead","67082def5f2a9b4b88ae0839"
1350,"67082de35f2a9b4b88ae0834","67082def5f2a9b4b88ae0839"
1351,"6706f1d815c2b9798b2b0970","67082def5f2a9b4b88ae0839"
1352,"6706f2ec15c2b9798b2b0ac3","67082def5f2a9b4b88ae0839"
1353,"6706f50715c2b9798b2b0d4a","67082def5f2a9b4b88ae0839"
1354,"670832ad3a9193be0699aa64","67082df45f2a9b4b88ae083f"
1355,"6706f28315c2b9798b2b0a3f","67082dfd5f2a9b4b88ae0849"
1356,"6706f4c515c2b9798b2b0d08","67082dfd5f2a9b4b88ae0849"
1357,"670832bb3a9193be0699aa78","67082dfd5f2a9b4b88ae0849"
1358,"670832c53a9193be0699aa90","67082dff5f2a9b4b88ae084c"
1359,"6706f5e315c2b9798b2b0e74","67082e005f2a9b4b88ae084d"
1360,"670832bb3a9193be0699aa78","67082e005f2a9b4b88ae084d"
1361,"6706f47015c2b9798b2b0cac","67082e005f2a9b4b88ae084d"
1362,"6706f2fc15c2b9798b2b0ae1","67082e045f2a9b4b88ae0851"
1363,"67082dc45f2a9b4b88ae0814","67082e045f2a9b4b88ae0851"
1364,"670832e13a9193be0699aac2","67082e045f2a9b4b88ae0851"
1365,"6706f47115c2b9798b2b0cae","67082e045f2a9b4b88ae0851"
1366,"6706f50715c2b9798b2b0d4a","67082e045f2a9b4b88ae0851"
1367,"670832e03a9193be0699aac1","67082e045f2a9b4b88ae0851"
1368,"6706f2a415c2b9798b2b0a72","67082e045f2a9b4b88ae0851"
1369,"670832e13a9193be0699aac3","67082e045f2a9b4b88ae0851"
1370,"670832df3a9193be0699aac0","67082e045f2a9b4b88ae0851"
1371,"6706f1fb15c2b9798b2b0998","67082e045f2a9b4b88ae0851"
1372,"6706f1fa15c2b9798b2b0997","67082e045f2a9b4b88ae0851"
1373,"6706f26b15c2b9798b2b0a13","67082e045f2a9b4b88ae0851"
1374,"6706f1db15c2b9798b2b0973","67082e045f2a9b4b88ae0851"
1375,"67082e9e5f2a9b4b88ae08da","67082e045f2a9b4b88ae0852"
1376,"670832e63a9193be0699aac7","67082e045f2a9b4b88ae0852"
1377,"67083230f5951699062f90ba","67082e045f2a9b4b88ae0852"
1378,"670832e73a9193be0699aac8","67082e045f2a9b4b88ae0852"
1379,"67082e2d5f2a9b4b88ae0875","67082e045f2a9b4b88ae0852"
1380,"6706f33915c2b9798b2b0b38","67082e045f2a9b4b88ae0852"
1381,"670832e73a9193be0699aac9","67082e045f2a9b4b88ae0852"
1382,"6706f1d815c2b9798b2b0970","67082e065f2a9b4b88ae0854"
1383,"670832ed3a9193be0699aad0","67082e065f2a9b4b88ae0854"
1384,"6706f1db15c2b9798b2b0973","67082e065f2a9b4b88ae0854"
1385,"670832f23a9193be0699aadc","67082e065f2a9b4b88ae0855"
1386,"670830c0f5951699062f8f39","67082e0b5f2a9b4b88ae0859"
1387,"6706f50715c2b9798b2b0d4a","67082e0b5f2a9b4b88ae0859"
1388,"6706f2a415c2b9798b2b0a72","67082e0d5f2a9b4b88ae085c"
1389,"6706f23715c2b9798b2b09db","67082e0d5f2a9b4b88ae085c"
1390,"6706f0a890b652736e310743","67082e0d5f2a9b4b88ae085c"
1391,"67082d925f2a9b4b88ae07e3","67082e0d5f2a9b4b88ae085c"
1392,"6706f4c515c2b9798b2b0d08","67082e0d5f2a9b4b88ae085c"
1393,"6708331a3a9193be0699ab29","67082e0d5f2a9b4b88ae085d"
1394,"6706f23715c2b9798b2b09db","67082e0d5f2a9b4b88ae085d"
1395,"6706f51615c2b9798b2b0d62","67082e0d5f2a9b4b88ae085d"
1396,"670833243a9193be0699ab34","67082d135f2a9b4b88ae075f"
1397,"670833243a9193be0699ab33","67082d135f2a9b4b88ae075f"
1398,"670833253a9193be0699ab36","67082d135f2a9b4b88ae075f"
1399,"670833253a9193be0699ab37","67082d135f2a9b4b88ae075f"
1400,"670833253a9193be0699ab35","67082d135f2a9b4b88ae075f"
1401,"670833283a9193be0699ab3a","67082d185f2a9b4b88ae0760"
1402,"6708332e3a9193be0699ab3d","67082d1a5f2a9b4b88ae0765"
1403,"6708332d3a9193be0699ab3c","67082d1a5f2a9b4b88ae0765"
1404,"6706f49615c2b9798b2b0cd4","67082d1b5f2a9b4b88ae0766"
1405,"67082f0b7e141ea1004f0d59","67082d1b5f2a9b4b88ae0766"
1406,"670833343a9193be0699ab45","67082d1b5f2a9b4b88ae0766"
1407,"6706f63c15c2b9798b2b0ed7","67082d1b5f2a9b4b88ae0766"
1408,"67082d085f2a9b4b88ae0754","67082d1b5f2a9b4b88ae0766"
1409,"6706f4c615c2b9798b2b0d0c","67082d1b5f2a9b4b88ae0766"
1410,"670833333a9193be0699ab43","67082d1b5f2a9b4b88ae0766"
1411,"670833333a9193be0699ab44","67082d1b5f2a9b4b88ae0766"
1412,"6706f23715c2b9798b2b09db","67082d1b5f2a9b4b88ae0766"
1413,"6706f6ad15c2b9798b2b0f4f","67082d1b5f2a9b4b88ae0766"
1414,"670833423a9193be0699ab4b","67082d335f2a9b4b88ae0784"
1509,"6706f3aa15c2b9798b2b0bba","67082d555f2a9b4b88ae07a7"
1510,"6706f22f15c2b9798b2b09cd","67082d555f2a9b4b88ae07a7"
1481,"6777fd14d4ceb93f0b696de0","67082d4d5f2a9b4b88ae079c"
1482,"6706f63c15c2b9798b2b0ed7","67082d4d5f2a9b4b88ae079c"
1483,"6777fd15d4ceb93f0b696de2","67082d4d5f2a9b4b88ae079c"
1484,"6777fd13d4ceb93f0b696ddc","67082d4d5f2a9b4b88ae079c"
1485,"6777fd12d4ceb93f0b696ddb","67082d4d5f2a9b4b88ae079c"
1486,"6777fd14d4ceb93f0b696de1","67082d4d5f2a9b4b88ae079c"
1487,"6777fd14d4ceb93f0b696ddf","67082d4d5f2a9b4b88ae079c"
1488,"6777fd16d4ceb93f0b696de4","67082d4d5f2a9b4b88ae079c"
1489,"6777fd15d4ceb93f0b696de3","67082d4d5f2a9b4b88ae079c"
1490,"67082f92f5951699062f8e1c","67082d4d5f2a9b4b88ae079c"
1491,"6777fd13d4ceb93f0b696dde","67082d4d5f2a9b4b88ae079c"
1492,"6708321ff5951699062f9096","67082d4d5f2a9b4b88ae079c"
1493,"6777fd13d4ceb93f0b696ddd","67082d4d5f2a9b4b88ae079c"
1494,"6706f24115c2b9798b2b09e3","67082d4d5f2a9b4b88ae079c"
1495,"6777fd1ad4ceb93f0b696de9","67082d4f5f2a9b4b88ae079f"
1496,"6706f29515c2b9798b2b0a5a","67082d4f5f2a9b4b88ae079f"
1497,"6777fd1ad4ceb93f0b696dea","67082d4f5f2a9b4b88ae079f"
1498,"6706f43815c2b9798b2b0c6f","67082d4f5f2a9b4b88ae079f"
1499,"6706f1d815c2b9798b2b096f","67082d505f2a9b4b88ae07a1"
1500,"6777fd16d4ceb93f0b696de4","67082d505f2a9b4b88ae07a1"
1501,"6706f3aa15c2b9798b2b0bba","67082d545f2a9b4b88ae07a5"
1502,"6706f22f15c2b9798b2b09cd","67082d545f2a9b4b88ae07a5"
1503,"6706f53c15c2b9798b2b0da3","67082d545f2a9b4b88ae07a5"
1504,"6706f53c15c2b9798b2b0da3","67082d555f2a9b4b88ae07a6"
1518,"6706f53c15c2b9798b2b0da3","67082d595f2a9b4b88ae07b1"
1519,"6706f22f15c2b9798b2b09cd","67082d595f2a9b4b88ae07b1"
1511,"6706f53c15c2b9798b2b0da3","67082d555f2a9b4b88ae07a7"
1539,"67083042f5951699062f8ead","67082d885f2a9b4b88ae07db"
1540,"6706f4c515c2b9798b2b0d08","67082d885f2a9b4b88ae07db"
1514,"67781102f4dc1b60202e8970","67082d575f2a9b4b88ae07ae"
1515,"6706f53c15c2b9798b2b0da3","67082d575f2a9b4b88ae07ae"
1516,"67781102f4dc1b60202e8971","67082d575f2a9b4b88ae07ae"
1517,"6706f22f15c2b9798b2b09cd","67082d575f2a9b4b88ae07ae"
1520,"67781106f4dc1b60202e8972","67082d5d5f2a9b4b88ae07b4"
1521,"6706f1d815c2b9798b2b096e","67082d5d5f2a9b4b88ae07b4"
1526,"67082d855f2a9b4b88ae07d7","67082d835f2a9b4b88ae07d5"
1527,"6706f57915c2b9798b2b0dfa","67082d835f2a9b4b88ae07d5"
1528,"6706f50515c2b9798b2b0d45","6706f50515c2b9798b2b0d46"
1529,"6706f50415c2b9798b2b0d44","6706f50515c2b9798b2b0d46"
1530,"670831caf5951699062f903c","67082d875f2a9b4b88ae07d9"
1531,"677813d12ad4b9f331704b18","67082d875f2a9b4b88ae07d9"
1532,"6706f22f15c2b9798b2b09cd","67082d875f2a9b4b88ae07d9"
1533,"67082d8a5f2a9b4b88ae07dd","67082d875f2a9b4b88ae07d9"
1534,"6706f1fa15c2b9798b2b0996","67082d875f2a9b4b88ae07d9"
1535,"677813d22ad4b9f331704b19","67082d875f2a9b4b88ae07d9"
1536,"6706f0319ded543374d12da4","67082d875f2a9b4b88ae07d9"
1537,"6706f4c515c2b9798b2b0d09","67082d875f2a9b4b88ae07d9"
1538,"6706f0a890b652736e310743","67082d875f2a9b4b88ae07d9"
1439,"6777fbcd1ea44d07c041e055","67082d3b5f2a9b4b88ae0788"
1440,"6777fbcc1ea44d07c041e054","67082d3b5f2a9b4b88ae0788"
1441,"6777fbcc1ea44d07c041e053","67082d3b5f2a9b4b88ae0788"
1442,"6777fbd51ea44d07c041e06d","67082d3b5f2a9b4b88ae0789"
1443,"6777fbd51ea44d07c041e06c","67082d3b5f2a9b4b88ae0789"
1444,"6706f0a890b652736e310743","67082d3b5f2a9b4b88ae0789"
1445,"6706f46515c2b9798b2b0c97","67082d3b5f2a9b4b88ae0789"
1446,"6777fbd41ea44d07c041e06b","67082d3b5f2a9b4b88ae0789"
1429,"6706f2fc15c2b9798b2b0ae1","6777fb9d570d610a11a678ae"
1430,"6706f3fe15c2b9798b2b0c21","6777fb9d570d610a11a678ae"
1431,"6777fb9b570d610a11a678ac","6777fb9d570d610a11a678ae"
1432,"6777fb9c570d610a11a678ad","6777fb9d570d610a11a678ae"
1433,"67082dc45f2a9b4b88ae0814","6777fb9d570d610a11a678ae"
1434,"6706f1fb15c2b9798b2b0998","6777fb9d570d610a11a678ae"
1435,"67082ff2f5951699062f8e53","6777fb9d570d610a11a678ae"
1436,"6777fb9b570d610a11a678ab","6777fb9d570d610a11a678ae"
1541,"6706f28315c2b9798b2b0a3f","67082d885f2a9b4b88ae07db"
1542,"6706f57a15c2b9798b2b0dfb","67082d885f2a9b4b88ae07db"
1447,"6706f53c15c2b9798b2b0da3","67082d3b5f2a9b4b88ae0789"
1448,"6777fbd61ea44d07c041e06e","67082d3b5f2a9b4b88ae0789"
1449,"6777fbd41ea44d07c041e06a","67082d3b5f2a9b4b88ae0789"
1450,"6706f51c15c2b9798b2b0d68","67082d3c5f2a9b4b88ae078a"
1451,"6777fbdd1ea44d07c041e07f","67082d3c5f2a9b4b88ae078a"
1452,"6777fbdc1ea44d07c041e07d","67082d3c5f2a9b4b88ae078a"
1453,"6777fbdb1ea44d07c041e07a","67082d3c5f2a9b4b88ae078a"
1454,"6777fbdc1ea44d07c041e07c","67082d3c5f2a9b4b88ae078a"
1455,"6777fbdd1ea44d07c041e080","67082d3c5f2a9b4b88ae078a"
1456,"6777fbdc1ea44d07c041e07e","67082d3c5f2a9b4b88ae078a"
1457,"6706f21e15c2b9798b2b09c4","67082d3c5f2a9b4b88ae078a"
1458,"6777fbdc1ea44d07c041e07b","67082d3c5f2a9b4b88ae078a"
1459,"6777fbe91ea44d07c041e088","67082d425f2a9b4b88ae078f"
1460,"67082d7b5f2a9b4b88ae07d3","67082d425f2a9b4b88ae078f"
1461,"6777fbea1ea44d07c041e08b","67082d425f2a9b4b88ae078f"
1462,"6777fbe91ea44d07c041e089","67082d425f2a9b4b88ae078f"
1463,"6777fbeb1ea44d07c041e08d","67082d425f2a9b4b88ae078f"
1464,"6777fbeb1ea44d07c041e08c","67082d425f2a9b4b88ae078f"
1465,"6706f1d815c2b9798b2b0970","67082d425f2a9b4b88ae078f"
1466,"6706f23715c2b9798b2b09db","67082d425f2a9b4b88ae078f"
1467,"6777fbea1ea44d07c041e08a","67082d425f2a9b4b88ae078f"
1468,"6706f43815c2b9798b2b0c6f","67082d425f2a9b4b88ae078f"
1543,"6706f0319ded543374d12da4","67082d885f2a9b4b88ae07db"
1544,"6706f0a690b652736e31073d","67082d905f2a9b4b88ae07df"
1471,"67083033f5951699062f8e91","67082d435f2a9b4b88ae0790"
1472,"6706f1fa15c2b9798b2b0997","67082d435f2a9b4b88ae0790"
1473,"6706f23715c2b9798b2b09db","67082d435f2a9b4b88ae0790"
1474,"6777fcfbc5b2af2e5d156198","67082d435f2a9b4b88ae0790"
1475,"6706f1fa15c2b9798b2b0996","67082d435f2a9b4b88ae0790"
1476,"6706f1d815c2b9798b2b0970","67082d435f2a9b4b88ae0790"
1477,"6706f2ec15c2b9798b2b0ac3","67082d435f2a9b4b88ae0790"
1478,"6706f53d15c2b9798b2b0da5","67082d435f2a9b4b88ae0790"
1545,"6706f1fa15c2b9798b2b0996","67082d905f2a9b4b88ae07df"
738,"6706f28315c2b9798b2b0a3f","6706f58615c2b9798b2b0e08"
739,"67082d985f2a9b4b88ae07e9","6706f58615c2b9798b2b0e08"
740,"67082d985f2a9b4b88ae07e8","6706f58615c2b9798b2b0e08"
741,"67082d985f2a9b4b88ae07ea","6706f58615c2b9798b2b0e08"
742,"67082da35f2a9b4b88ae07f5","6706f5d415c2b9798b2b0e5f"
743,"6706f2a415c2b9798b2b0a72","6706f5d415c2b9798b2b0e5f"
744,"67082da45f2a9b4b88ae07f6","6706f5d415c2b9798b2b0e5f"
745,"67082da35f2a9b4b88ae07f4","6706f5d415c2b9798b2b0e5f"
746,"6706f1fa15c2b9798b2b0996","6706f5d515c2b9798b2b0e63"
747,"67082dab5f2a9b4b88ae07fb","6706f5d515c2b9798b2b0e63"
748,"6706f1fa15c2b9798b2b0997","6706f5d515c2b9798b2b0e63"
749,"67082daf5f2a9b4b88ae07fe","6706f5d715c2b9798b2b0e66"
750,"67082daf5f2a9b4b88ae07fd","6706f5d715c2b9798b2b0e66"
751,"67082db55f2a9b4b88ae0802","6706f5e015c2b9798b2b0e6f"
752,"67082db65f2a9b4b88ae0803","6706f5e015c2b9798b2b0e6f"
753,"67082db55f2a9b4b88ae0801","6706f5e015c2b9798b2b0e6f"
754,"6706f47015c2b9798b2b0cac","6706f5e015c2b9798b2b0e6f"
755,"67082db55f2a9b4b88ae0800","6706f5e015c2b9798b2b0e6f"
756,"67082db65f2a9b4b88ae0804","6706f5e015c2b9798b2b0e6f"
757,"6706f5be15c2b9798b2b0e48","6706f5e015c2b9798b2b0e6f"
758,"6706f4c515c2b9798b2b0d08","6706f5e015c2b9798b2b0e6f"
759,"6706f5e315c2b9798b2b0e74","6706f5e015c2b9798b2b0e6f"
760,"6706f35e15c2b9798b2b0b5f","6706f5e115c2b9798b2b0e71"
761,"6706f4bf15c2b9798b2b0cff","6706f5e115c2b9798b2b0e71"
762,"6706f4bf15c2b9798b2b0d00","6706f5e115c2b9798b2b0e71"
763,"6706f1fa15c2b9798b2b0996","6706f5e115c2b9798b2b0e71"
764,"6706f21e15c2b9798b2b09c4","6706f5e115c2b9798b2b0e71"
765,"67082dbf5f2a9b4b88ae0811","6706f5e115c2b9798b2b0e71"
766,"6706f23715c2b9798b2b09db","6706f5e615c2b9798b2b0e75"
767,"67082dc45f2a9b4b88ae0814","6706f5e615c2b9798b2b0e75"
768,"6706f2e715c2b9798b2b0abe","6706f5e615c2b9798b2b0e75"
769,"6706f4c515c2b9798b2b0d08","6706f5e615c2b9798b2b0e75"
770,"6706f5ea15c2b9798b2b0e7b","6706f5e615c2b9798b2b0e75"
771,"6706f1fb15c2b9798b2b0998","6706f5e715c2b9798b2b0e77"
772,"6706f47015c2b9798b2b0cac","6706f5e715c2b9798b2b0e77"
773,"67082dcc5f2a9b4b88ae081c","6706f5e715c2b9798b2b0e77"
774,"67082dcb5f2a9b4b88ae081b","6706f5e715c2b9798b2b0e77"
775,"67082dd15f2a9b4b88ae0821","6706f5ec15c2b9798b2b0e7d"
776,"6706f4be15c2b9798b2b0cfd","6706f5ec15c2b9798b2b0e7d"
777,"6706f2fc15c2b9798b2b0ae1","6706f5ec15c2b9798b2b0e7d"
778,"6706f1fb15c2b9798b2b0998","6706f5ec15c2b9798b2b0e7d"
779,"6706f4be15c2b9798b2b0cfd","6706f5ec15c2b9798b2b0e7e"
780,"6706f1fa15c2b9798b2b0996","6706f5ec15c2b9798b2b0e7e"
781,"6706f4c515c2b9798b2b0d08","6706f5ec15c2b9798b2b0e7e"
782,"67082dde5f2a9b4b88ae082f","6706f5ef15c2b9798b2b0e81"
783,"67082ddf5f2a9b4b88ae0831","6706f5ef15c2b9798b2b0e81"
784,"6706f2fc15c2b9798b2b0ae1","6706f5ef15c2b9798b2b0e81"
785,"6706f0319ded543374d12da4","6706f5ef15c2b9798b2b0e81"
786,"6706f4bf15c2b9798b2b0d00","6706f5ef15c2b9798b2b0e81"
787,"6706f5f115c2b9798b2b0e83","6706f5ef15c2b9798b2b0e81"
788,"6706f22f15c2b9798b2b09cd","6706f5ef15c2b9798b2b0e81"
789,"67082ddf5f2a9b4b88ae0830","6706f5ef15c2b9798b2b0e81"
790,"67082ddf5f2a9b4b88ae0832","6706f5ef15c2b9798b2b0e81"
791,"6706f4c515c2b9798b2b0d09","6706f5ef15c2b9798b2b0e81"
792,"6706f23015c2b9798b2b09ce","6706f5f315c2b9798b2b0e85"
793,"6706f4c515c2b9798b2b0d09","6706f5f315c2b9798b2b0e85"
794,"67082de35f2a9b4b88ae0833","6706f5f315c2b9798b2b0e85"
795,"6706f28d15c2b9798b2b0a4e","6706f5f315c2b9798b2b0e85"
796,"6706f0319ded543374d12da4","6706f5f315c2b9798b2b0e85"
797,"67082de35f2a9b4b88ae0834","6706f5f315c2b9798b2b0e85"
798,"67082de45f2a9b4b88ae0835","6706f5f315c2b9798b2b0e85"
799,"6706f5f115c2b9798b2b0e83","6706f5f315c2b9798b2b0e85"
802,"67082cf55f2a9b4b88ae0740","6706f5f515c2b9798b2b0e88"
803,"67082ded5f2a9b4b88ae0838","6706f5f515c2b9798b2b0e88"
804,"6706f1fb15c2b9798b2b099a","6706f5f515c2b9798b2b0e88"
805,"6706f22f15c2b9798b2b09cd","6706f5f515c2b9798b2b0e88"
806,"6706f2fc15c2b9798b2b0ae1","6706f5f515c2b9798b2b0e88"
807,"6706f1fa15c2b9798b2b0996","6706f5f815c2b9798b2b0e8b"
808,"6706f2a415c2b9798b2b0a72","6706f5f815c2b9798b2b0e8b"
809,"6706f28315c2b9798b2b0a3f","6706f5f815c2b9798b2b0e8b"
810,"6706f23715c2b9798b2b09db","6706f5f815c2b9798b2b0e8b"
811,"67082df65f2a9b4b88ae0841","6706f5f815c2b9798b2b0e8b"
812,"6706f1fa15c2b9798b2b0996","6706f5f815c2b9798b2b0e8c"
813,"6706f30f15c2b9798b2b0b09","6706f5fb15c2b9798b2b0e94"
814,"6706f4bf15c2b9798b2b0d00","6706f5fb15c2b9798b2b0e94"
815,"6706f4ef15c2b9798b2b0d2f","6706f5fc15c2b9798b2b0e97"
816,"6706f1d815c2b9798b2b0970","6706f5fc15c2b9798b2b0e97"
817,"6706f1db15c2b9798b2b0973","6706f5fc15c2b9798b2b0e97"
818,"67082e135f2a9b4b88ae0861","6706f5fc15c2b9798b2b0e97"
819,"6706f4c515c2b9798b2b0d09","6706f5fc15c2b9798b2b0e97"
820,"6706f1d815c2b9798b2b0970","6706f5fe15c2b9798b2b0e9a"
821,"6706f4ef15c2b9798b2b0d2f","6706f5fe15c2b9798b2b0e9a"
822,"6706f47015c2b9798b2b0cad","6706f5fe15c2b9798b2b0e9a"
823,"6706f54715c2b9798b2b0db7","6706f5fe15c2b9798b2b0e9a"
824,"67082dc45f2a9b4b88ae0814","6706f5fe15c2b9798b2b0e9a"
825,"6706f4c515c2b9798b2b0d0a","6706f5fe15c2b9798b2b0e9a"
826,"6706f4c515c2b9798b2b0d09","6706f5fe15c2b9798b2b0e9a"
827,"6706f5be15c2b9798b2b0e47","6706f5fe15c2b9798b2b0e9a"
828,"6706f1db15c2b9798b2b0973","6706f5fe15c2b9798b2b0e9a"
829,"6706f2a415c2b9798b2b0a72","6706f5fe15c2b9798b2b0e9a"
830,"6706f4c515c2b9798b2b0d08","6706f5fe15c2b9798b2b0e9a"
831,"6706f2ec15c2b9798b2b0ac3","6706f5fe15c2b9798b2b0e9a"
832,"6706f47015c2b9798b2b0cac","6706f60415c2b9798b2b0ea2"
833,"6706f1fa15c2b9798b2b0997","6706f60415c2b9798b2b0ea2"
834,"6706f48b15c2b9798b2b0cca","6706f60415c2b9798b2b0ea2"
835,"6706f28315c2b9798b2b0a3f","6706f60415c2b9798b2b0ea2"
836,"67082e2f5f2a9b4b88ae0878","6706f60415c2b9798b2b0ea2"
837,"6706f1fb15c2b9798b2b0998","6706f60415c2b9798b2b0ea2"
838,"67082e2d5f2a9b4b88ae0875","6706f60415c2b9798b2b0ea2"
839,"6706f1fa15c2b9798b2b0996","6706f60415c2b9798b2b0ea2"
840,"67082e2c5f2a9b4b88ae0872","6706f60415c2b9798b2b0ea2"
841,"6706f26b15c2b9798b2b0a13","6706f60415c2b9798b2b0ea2"
842,"67082e2d5f2a9b4b88ae0874","6706f60415c2b9798b2b0ea2"
843,"6706f2a415c2b9798b2b0a72","6706f60415c2b9798b2b0ea2"
844,"67082e2d5f2a9b4b88ae0876","6706f60415c2b9798b2b0ea2"
845,"6706f1db15c2b9798b2b0973","6706f60415c2b9798b2b0ea2"
846,"6706f63015c2b9798b2b0ed1","6706f60415c2b9798b2b0ea2"
847,"67082e2c5f2a9b4b88ae0873","6706f60415c2b9798b2b0ea2"
848,"67082e305f2a9b4b88ae0879","6706f60415c2b9798b2b0ea2"
849,"67082e2e5f2a9b4b88ae0877","6706f60415c2b9798b2b0ea2"
850,"6706f4c515c2b9798b2b0d08","6706f60415c2b9798b2b0ea2"
851,"6706f5e315c2b9798b2b0e74","6706f60415c2b9798b2b0ea2"
852,"67082d085f2a9b4b88ae0754","6706f61315c2b9798b2b0eb6"
853,"67082e535f2a9b4b88ae0887","6706f62515c2b9798b2b0ec4"
854,"67082e595f2a9b4b88ae0890","6706f62915c2b9798b2b0ec8"
855,"67082e585f2a9b4b88ae088e","6706f62915c2b9798b2b0ec8"
856,"67082e595f2a9b4b88ae0891","6706f62915c2b9798b2b0ec8"
857,"67082e585f2a9b4b88ae088f","6706f62915c2b9798b2b0ec8"
858,"67082e5e5f2a9b4b88ae0898","6706f58f15c2b9798b2b0e0e"
859,"6706f46515c2b9798b2b0c97","6706f59415c2b9798b2b0e15"
860,"6706f0cf45fe7efa4ac730b9","6706f59415c2b9798b2b0e15"
861,"6706f0a890b652736e310743","6706f59415c2b9798b2b0e15"
862,"67082e6c5f2a9b4b88ae08a7","6706f59515c2b9798b2b0e18"
863,"67082e6c5f2a9b4b88ae08a6","6706f59515c2b9798b2b0e18"
864,"6706f1d815c2b9798b2b0970","6706f59515c2b9798b2b0e18"
865,"67082e6d5f2a9b4b88ae08a8","6706f59515c2b9798b2b0e18"
866,"6706f0a890b652736e310743","6706f59515c2b9798b2b0e18"
867,"6706f46515c2b9798b2b0c97","6706f59515c2b9798b2b0e18"
868,"6706f0a890b652736e310743","6706f59615c2b9798b2b0e19"
869,"67082e805f2a9b4b88ae08bc","6706f59c15c2b9798b2b0e22"
870,"6706f0a890b652736e310743","6706f59c15c2b9798b2b0e22"
871,"67082e805f2a9b4b88ae08bd","6706f59c15c2b9798b2b0e22"
872,"6706f46515c2b9798b2b0c97","6706f59c15c2b9798b2b0e22"
873,"67082caa5f2a9b4b88ae06f9","6706f5a915c2b9798b2b0e2e"
874,"67082e975f2a9b4b88ae08d1","6706f5ab15c2b9798b2b0e2f"
875,"6706f62015c2b9798b2b0ebf","6706f5ac15c2b9798b2b0e30"
876,"6706f62015c2b9798b2b0ebf","6706f5ac15c2b9798b2b0e31"
877,"67082ea05f2a9b4b88ae08dc","6706f5ac15c2b9798b2b0e31"
878,"6706f1fb15c2b9798b2b099a","6706f5ac15c2b9798b2b0e31"
879,"67082e9e5f2a9b4b88ae08da","6706f5ac15c2b9798b2b0e31"
880,"6706f22f15c2b9798b2b09cd","6706f5ac15c2b9798b2b0e31"
881,"67082ea05f2a9b4b88ae08dd","6706f5ac15c2b9798b2b0e31"
882,"6706f1d815c2b9798b2b0970","6706f5ac15c2b9798b2b0e31"
883,"67082ea05f2a9b4b88ae08db","6706f5ac15c2b9798b2b0e31"
884,"6706f1fa15c2b9798b2b0996","6706f5ac15c2b9798b2b0e31"
885,"67082ea55f2a9b4b88ae08e6","6706f5ad15c2b9798b2b0e32"
886,"67082de35f2a9b4b88ae0834","6706f5ad15c2b9798b2b0e33"
887,"6706f22f15c2b9798b2b09cd","6706f5ad15c2b9798b2b0e33"
888,"67082eaa5f2a9b4b88ae08ee","6706f5ad15c2b9798b2b0e33"
889,"6706f2ec15c2b9798b2b0ac3","6706f5ad15c2b9798b2b0e33"
890,"6706f1fb15c2b9798b2b099a","6706f5ad15c2b9798b2b0e33"
891,"6706f0a890b652736e310743","6706f5ad15c2b9798b2b0e33"
892,"6706f28315c2b9798b2b0a3f","6706f5ad15c2b9798b2b0e33"
893,"6706f5f115c2b9798b2b0e84","6706f5b115c2b9798b2b0e38"
894,"6706f1d815c2b9798b2b0970","6706f5b115c2b9798b2b0e38"
895,"67082e6d5f2a9b4b88ae08a8","6706f5b115c2b9798b2b0e38"
896,"67082eb35f2a9b4b88ae08fd","6706f5b115c2b9798b2b0e38"
897,"6706f1d015c2b9798b2b0963","6706f5b115c2b9798b2b0e38"
898,"67082eb45f2a9b4b88ae08fe","6706f5b115c2b9798b2b0e38"
899,"6706f22f15c2b9798b2b09cd","6706f5b115c2b9798b2b0e38"
900,"67082eb95f2a9b4b88ae0904","6706f5b215c2b9798b2b0e3c"
901,"6706f46515c2b9798b2b0c97","6706f5b315c2b9798b2b0e3d"
902,"6706f1db15c2b9798b2b0973","6706f5b815c2b9798b2b0e41"
903,"67082dab5f2a9b4b88ae07fb","6706f5bc15c2b9798b2b0e45"
904,"67082ec85f2a9b4b88ae0917","6706f5bc15c2b9798b2b0e45"
905,"6706f22f15c2b9798b2b09cd","6706f5bc15c2b9798b2b0e45"
906,"6706f4be15c2b9798b2b0cfd","6706f5bc15c2b9798b2b0e45"
1267,"6708322bf5951699062f90b3","67082d0a5f2a9b4b88ae0757"
1268,"6706f53d15c2b9798b2b0da5","67082d0a5f2a9b4b88ae0757"
909,"67082ed05f2a9b4b88ae091f","6706f5c315c2b9798b2b0e4d"
910,"67082ed05f2a9b4b88ae091d","6706f5c315c2b9798b2b0e4d"
911,"67082ed05f2a9b4b88ae0920","6706f5c315c2b9798b2b0e4d"
912,"67082ed05f2a9b4b88ae091e","6706f5c315c2b9798b2b0e4d"
913,"67082ed45f2a9b4b88ae0929","6706f5c415c2b9798b2b0e4e"
914,"67082ed45f2a9b4b88ae0928","6706f5c415c2b9798b2b0e4e"
915,"67082ed75f2a9b4b88ae0931","6706f5c415c2b9798b2b0e4e"
916,"67082ed75f2a9b4b88ae0930","6706f5c415c2b9798b2b0e4e"
917,"6706f62015c2b9798b2b0ebf","6706f5c415c2b9798b2b0e4e"
918,"67082ed65f2a9b4b88ae092e","6706f5c415c2b9798b2b0e4e"
919,"6706f1fb15c2b9798b2b099a","6706f5c415c2b9798b2b0e4e"
920,"67082ed55f2a9b4b88ae092a","6706f5c415c2b9798b2b0e4e"
921,"67082ed65f2a9b4b88ae092d","6706f5c415c2b9798b2b0e4e"
922,"67082ed55f2a9b4b88ae092b","6706f5c415c2b9798b2b0e4e"
923,"67082ed55f2a9b4b88ae092c","6706f5c415c2b9798b2b0e4e"
924,"67082ed65f2a9b4b88ae092f","6706f5c415c2b9798b2b0e4e"
925,"67082edf5f2a9b4b88ae093e","6706f5c415c2b9798b2b0e4f"
926,"67082dc45f2a9b4b88ae0814","6706f5c415c2b9798b2b0e4f"
927,"6706f2b015c2b9798b2b0a7e","6706f5c415c2b9798b2b0e4f"
928,"67082edf5f2a9b4b88ae093f","6706f5c415c2b9798b2b0e4f"
929,"6706f4bf15c2b9798b2b0d00","6706f5c415c2b9798b2b0e4f"
930,"67082ea05f2a9b4b88ae08db","6706f5c415c2b9798b2b0e4f"
931,"6706f2e715c2b9798b2b0abe","6706f5c415c2b9798b2b0e4f"
932,"6706f3e515c2b9798b2b0bff","6706f5c415c2b9798b2b0e4f"
933,"67082ede5f2a9b4b88ae093d","6706f5c415c2b9798b2b0e4f"
934,"67082cf55f2a9b4b88ae0740","6706f5c415c2b9798b2b0e4f"
935,"6706f4c515c2b9798b2b0d08","6706f5c415c2b9798b2b0e4f"
936,"6706f1fa15c2b9798b2b0996","6706f5c415c2b9798b2b0e4f"
937,"6706f1fa15c2b9798b2b0997","6706f5c415c2b9798b2b0e4f"
938,"67082ef25f2a9b4b88ae094a","6706f5d315c2b9798b2b0e5c"
939,"67082ef15f2a9b4b88ae0949","6706f5d315c2b9798b2b0e5c"
1269,"6708322bf5951699062f90b2","67082d0a5f2a9b4b88ae0757"
1270,"6708322cf5951699062f90b5","67082d0a5f2a9b4b88ae0757"
942,"67082f0b7e141ea1004f0d5a","6706f4e515c2b9798b2b0d26"
943,"6706f4ef15c2b9798b2b0d2f","6706f4e515c2b9798b2b0d26"
944,"6706f47015c2b9798b2b0cad","6706f4e515c2b9798b2b0d26"
945,"6706f4e715c2b9798b2b0d2b","6706f4e515c2b9798b2b0d26"
946,"6706f4be15c2b9798b2b0cfd","6706f4e515c2b9798b2b0d26"
947,"67082f0b7e141ea1004f0d59","6706f4e515c2b9798b2b0d26"
948,"6706f4e715c2b9798b2b0d2a","6706f4e515c2b9798b2b0d26"
949,"6706f4c515c2b9798b2b0d08","6706f4e515c2b9798b2b0d26"
1271,"6708322af5951699062f90b1","67082d0a5f2a9b4b88ae0757"
1272,"6706f51c15c2b9798b2b0d68","67082d0a5f2a9b4b88ae0757"
1273,"6708322bf5951699062f90b4","67082d0a5f2a9b4b88ae0757"
1274,"6706f4ef15c2b9798b2b0d2f","67082d0a5f2a9b4b88ae0757"
1275,"67082ded5f2a9b4b88ae0838","67082d0b5f2a9b4b88ae0758"
1276,"6706f4ef15c2b9798b2b0d2f","67082d0b5f2a9b4b88ae0758"
1277,"67083231f5951699062f90bb","67082d0b5f2a9b4b88ae0758"
1278,"6706f1d815c2b9798b2b0970","67082d0b5f2a9b4b88ae0758"
1279,"67082e9e5f2a9b4b88ae08da","67082d0b5f2a9b4b88ae0758"
1280,"67083230f5951699062f90ba","67082d0b5f2a9b4b88ae0758"
1281,"6708322ff5951699062f90b9","67082d0b5f2a9b4b88ae0758"
1282,"67082db55f2a9b4b88ae0801","67082d0b5f2a9b4b88ae0758"
1283,"6706f2a415c2b9798b2b0a72","67082d0b5f2a9b4b88ae0758"
1284,"6706f35e15c2b9798b2b0b5f","67082d0b5f2a9b4b88ae0758"
1285,"6706f1fb15c2b9798b2b0998","67082d0b5f2a9b4b88ae0758"
1286,"6706f1fa15c2b9798b2b0996","67082d0b5f2a9b4b88ae0758"
1287,"67083234f5951699062f90bf","67082d0b5f2a9b4b88ae0759"
1288,"67083233f5951699062f90be","67082d0b5f2a9b4b88ae0759"
1289,"67083234f5951699062f90c1","67082d0b5f2a9b4b88ae0759"
1290,"6706f49515c2b9798b2b0cd1","67082d0b5f2a9b4b88ae0759"
1291,"67083234f5951699062f90c0","67082d0b5f2a9b4b88ae0759"
1292,"67083235f5951699062f90c2","67082d0b5f2a9b4b88ae0759"
1293,"6708323af5951699062f90cf","67082d0c5f2a9b4b88ae075a"
1294,"6708323af5951699062f90ce","67082d0c5f2a9b4b88ae075a"
1295,"6706f3e515c2b9798b2b0bff","67082d0c5f2a9b4b88ae075a"
1296,"6706f2a315c2b9798b2b0a6d","67082d0c5f2a9b4b88ae075a"
1297,"6708323bf5951699062f90d0","67082d0c5f2a9b4b88ae075a"
1298,"6706f3eb15c2b9798b2b0c07","67082dc25f2a9b4b88ae0812"
1006,"6706f2e715c2b9798b2b0abe","6706f54b15c2b9798b2b0dbd"
1007,"6706f55315c2b9798b2b0dcd","6706f54b15c2b9798b2b0dbd"
952,"67082f83f5951699062f8e18","6706f51015c2b9798b2b0d50"
953,"6706f53d15c2b9798b2b0da5","6706f51215c2b9798b2b0d56"
954,"6706f2a315c2b9798b2b0a6d","6706f51215c2b9798b2b0d56"
955,"6706f2a315c2b9798b2b0a6d","6706f51415c2b9798b2b0d5c"
956,"67082f93f5951699062f8e1e","6706f51815c2b9798b2b0d63"
957,"67082f93f5951699062f8e1d","6706f51815c2b9798b2b0d63"
958,"67082f92f5951699062f8e1c","6706f51815c2b9798b2b0d63"
959,"6706f51c15c2b9798b2b0d68","6706f51815c2b9798b2b0d64"
960,"67082f95f5951699062f8e20","6706f51815c2b9798b2b0d64"
961,"6706f4ef15c2b9798b2b0d2f","6706f51815c2b9798b2b0d64"
962,"67082f92f5951699062f8e1c","6706f51815c2b9798b2b0d64"
963,"67082f95f5951699062f8e21","6706f51815c2b9798b2b0d64"
964,"67082f93f5951699062f8e1d","6706f51815c2b9798b2b0d64"
965,"6706f51c15c2b9798b2b0d68","6706f52015c2b9798b2b0d70"
966,"67082fa4f5951699062f8e22","6706f52215c2b9798b2b0d75"
967,"6706f53c15c2b9798b2b0da3","6706f52215c2b9798b2b0d75"
968,"6706f51c15c2b9798b2b0d68","6706f52215c2b9798b2b0d75"
969,"67082fb1f5951699062f8e2d","6706f52a15c2b9798b2b0d84"
970,"67082fb1f5951699062f8e2c","6706f52a15c2b9798b2b0d84"
971,"67082fb1f5951699062f8e2b","6706f52a15c2b9798b2b0d84"
972,"67082ca15f2a9b4b88ae06ec","6706f52b15c2b9798b2b0d86"
973,"6706f4e115c2b9798b2b0d25","6706f52b15c2b9798b2b0d86"
974,"6706f52d15c2b9798b2b0d89","6706f52b15c2b9798b2b0d86"
975,"6706f1fa15c2b9798b2b0996","6706f52b15c2b9798b2b0d86"
976,"6706f2e715c2b9798b2b0abe","6706f52c15c2b9798b2b0d88"
977,"6706f1fb15c2b9798b2b0998","6706f53015c2b9798b2b0d8b"
978,"6706f0a690b652736e31073d","6706f53015c2b9798b2b0d8b"
979,"6706f2fc15c2b9798b2b0ae1","6706f53015c2b9798b2b0d8b"
980,"6706f53c15c2b9798b2b0da4","6706f53715c2b9798b2b0d95"
981,"6706f53c15c2b9798b2b0da3","6706f53715c2b9798b2b0d95"
982,"6706f53d15c2b9798b2b0da5","6706f53715c2b9798b2b0d95"
983,"6706f53d15c2b9798b2b0da6","6706f53715c2b9798b2b0d95"
984,"6706f51615c2b9798b2b0d61","6706f53715c2b9798b2b0d95"
985,"6706f32715c2b9798b2b0b26","6706f53715c2b9798b2b0d95"
986,"6706f32715c2b9798b2b0b26","6706f53715c2b9798b2b0d97"
987,"67082fcff5951699062f8e38","6706f53815c2b9798b2b0d99"
988,"6706f53c15c2b9798b2b0da3","6706f53815c2b9798b2b0d99"
989,"67082fcff5951699062f8e39","6706f53815c2b9798b2b0d99"
990,"6706f53c15c2b9798b2b0da4","6706f53815c2b9798b2b0d99"
991,"67082fd8f5951699062f8e3c","6706f53f15c2b9798b2b0da7"
992,"67082fd8f5951699062f8e3b","6706f53f15c2b9798b2b0da7"
993,"67082fd8f5951699062f8e3a","6706f53f15c2b9798b2b0da7"
994,"6706f42815c2b9798b2b0c57","6706f54015c2b9798b2b0da8"
995,"6706f33915c2b9798b2b0b38","6706f54015c2b9798b2b0da8"
996,"67082fdcf5951699062f8e3f","6706f54015c2b9798b2b0da8"
997,"6706f1fa15c2b9798b2b0996","6706f54415c2b9798b2b0db3"
998,"67082ff2f5951699062f8e53","6706f54415c2b9798b2b0db3"
999,"67082fd8f5951699062f8e3a","6706f54415c2b9798b2b0db4"
1000,"6706f2e715c2b9798b2b0abe","6706f54a15c2b9798b2b0db9"
1001,"6706f2e715c2b9798b2b0abe","6706f54a15c2b9798b2b0dba"
1002,"6706f22f15c2b9798b2b09cd","6706f54a15c2b9798b2b0dba"
1005,"6706f2e715c2b9798b2b0abe","6706f54b15c2b9798b2b0dbc"
1008,"67083010f5951699062f8e67","6706f54b15c2b9798b2b0dbd"
1009,"6706f51615c2b9798b2b0d62","6706f54b15c2b9798b2b0dbd"
1010,"6706f2ec15c2b9798b2b0ac3","6706f54b15c2b9798b2b0dbd"
1011,"67083017f5951699062f8e70","6706f54c15c2b9798b2b0dc0"
1012,"6706f55f15c2b9798b2b0de0","6706f54e15c2b9798b2b0dc4"
1013,"6706f2e715c2b9798b2b0abe","6706f54e15c2b9798b2b0dc4"
1014,"6706f56015c2b9798b2b0de2","6706f54e15c2b9798b2b0dc4"
1015,"6706f0a690b652736e31073d","6706f54e15c2b9798b2b0dc4"
1016,"6706f21e15c2b9798b2b09c4","6706f54f15c2b9798b2b0dc5"
1017,"67083024f5951699062f8e78","6706f54f15c2b9798b2b0dc5"
1018,"6706f2e715c2b9798b2b0abe","6706f54f15c2b9798b2b0dc5"
1019,"6706f0a690b652736e31073d","6706f54f15c2b9798b2b0dc5"
1020,"67083025f5951699062f8e7a","6706f54f15c2b9798b2b0dc5"
1021,"6706f2ec15c2b9798b2b0ac3","6706f54f15c2b9798b2b0dc5"
1022,"67083024f5951699062f8e79","6706f54f15c2b9798b2b0dc5"
1023,"6706f35e15c2b9798b2b0b5f","6706f54f15c2b9798b2b0dc5"
1024,"6706f33915c2b9798b2b0b38","6706f54f15c2b9798b2b0dc5"
1025,"6706f1fa15c2b9798b2b0996","6706f54f15c2b9798b2b0dc5"
1026,"6706f51615c2b9798b2b0d61","6706f54f15c2b9798b2b0dc5"
1027,"67083026f5951699062f8e7b","6706f54f15c2b9798b2b0dc5"
1028,"6706f2e715c2b9798b2b0abe","6706f54f15c2b9798b2b0dc6"
1029,"6708302bf5951699062f8e80","6706f54f15c2b9798b2b0dc6"
1030,"67083034f5951699062f8e92","6706f55015c2b9798b2b0dc7"
1031,"67083032f5951699062f8e8c","6706f55015c2b9798b2b0dc7"
1032,"67083036f5951699062f8e9c","6706f55015c2b9798b2b0dc7"
1033,"67083036f5951699062f8e9b","6706f55015c2b9798b2b0dc7"
1034,"67083033f5951699062f8e90","6706f55015c2b9798b2b0dc7"
1035,"67083032f5951699062f8e8d","6706f55015c2b9798b2b0dc7"
1036,"67083036f5951699062f8e99","6706f55015c2b9798b2b0dc7"
1037,"67083035f5951699062f8e98","6706f55015c2b9798b2b0dc7"
1038,"67083036f5951699062f8e9a","6706f55015c2b9798b2b0dc7"
1039,"67083033f5951699062f8e91","6706f55015c2b9798b2b0dc7"
1040,"67083034f5951699062f8e95","6706f55015c2b9798b2b0dc7"
1041,"67083032f5951699062f8e8f","6706f55015c2b9798b2b0dc7"
1042,"67083034f5951699062f8e94","6706f55015c2b9798b2b0dc7"
1043,"67083031f5951699062f8e8b","6706f55015c2b9798b2b0dc7"
1044,"67083035f5951699062f8e97","6706f55015c2b9798b2b0dc7"
1045,"67083032f5951699062f8e8e","6706f55015c2b9798b2b0dc7"
1046,"67083035f5951699062f8e96","6706f55015c2b9798b2b0dc7"
1047,"67083034f5951699062f8e93","6706f55015c2b9798b2b0dc7"
1048,"6706f1d015c2b9798b2b0963","6706f55015c2b9798b2b0dc7"
1049,"6706f1fa15c2b9798b2b0996","6706f55115c2b9798b2b0dc9"
1050,"6708303bf5951699062f8ea0","6706f55115c2b9798b2b0dc9"
1051,"67082eb35f2a9b4b88ae08fd","6706f55115c2b9798b2b0dca"
1052,"6706f2b015c2b9798b2b0a7e","6706f55115c2b9798b2b0dca"
1053,"6706f4b415c2b9798b2b0cf9","6706f55115c2b9798b2b0dca"
1054,"6706f62015c2b9798b2b0ebf","6706f55115c2b9798b2b0dca"
1055,"67082e805f2a9b4b88ae08bd","6706f55115c2b9798b2b0dca"
1056,"6706f2ec15c2b9798b2b0ac3","6706f55115c2b9798b2b0dca"
1057,"67083017f5951699062f8e70","6706f55115c2b9798b2b0dca"
1058,"67083044f5951699062f8eae","6706f55115c2b9798b2b0dca"
1059,"67083042f5951699062f8eac","6706f55115c2b9798b2b0dca"
1060,"6706f47015c2b9798b2b0cad","6706f55115c2b9798b2b0dca"
1061,"6706f4c515c2b9798b2b0d08","6706f55115c2b9798b2b0dca"
1062,"6706f51615c2b9798b2b0d62","6706f55115c2b9798b2b0dca"
1063,"67083042f5951699062f8ead","6706f55115c2b9798b2b0dca"
1064,"67083017f5951699062f8e70","6706f55115c2b9798b2b0dcb"
1065,"67082c885f2a9b4b88ae06d9","67082c905f2a9b4b88ae06db"
1066,"6706f3fe15c2b9798b2b0c21","67082c905f2a9b4b88ae06db"
1067,"6706f1fa15c2b9798b2b0996","67082c905f2a9b4b88ae06dc"
1068,"67083067f5951699062f8ed9","67082c905f2a9b4b88ae06dd"
1069,"6706f1d815c2b9798b2b096f","67082c9a5f2a9b4b88ae06e2"
1070,"6706f49615c2b9798b2b0cd4","67082c9a5f2a9b4b88ae06e3"
1071,"67083078f5951699062f8ef2","67082c9a5f2a9b4b88ae06e4"
1072,"6706f1d815c2b9798b2b096f","67082c9a5f2a9b4b88ae06e4"
1073,"6706f2ec15c2b9798b2b0ac3","67082c9f5f2a9b4b88ae06e8"
1074,"67082dab5f2a9b4b88ae07fb","67082c9f5f2a9b4b88ae06e8"
1075,"6708307ef5951699062f8ef7","67082c9f5f2a9b4b88ae06e8"
1076,"6706f1fa15c2b9798b2b0997","67082c9f5f2a9b4b88ae06e8"
1077,"6706f5be15c2b9798b2b0e48","67082ca45f2a9b4b88ae06ed"
1078,"6706f2e715c2b9798b2b0abe","67082ca45f2a9b4b88ae06ed"
1079,"67083083f5951699062f8ef9","67082ca45f2a9b4b88ae06ed"
1080,"67083083f5951699062f8ef8","67082ca45f2a9b4b88ae06ed"
1081,"67083090f5951699062f8f04","67082ca75f2a9b4b88ae06f3"
1082,"6708309af5951699062f8f0a","67082caf5f2a9b4b88ae06fb"
1083,"6708309df5951699062f8f10","67082caf5f2a9b4b88ae06fc"
1084,"670830a0f5951699062f8f12","67082cb05f2a9b4b88ae06fd"
1085,"6706f2a415c2b9798b2b0a72","67082cb05f2a9b4b88ae06fd"
1086,"670830a0f5951699062f8f13","67082cb05f2a9b4b88ae06fd"
1087,"6706f1db15c2b9798b2b0973","67082cb05f2a9b4b88ae06fd"
1088,"6706f3e515c2b9798b2b0bff","67082cb65f2a9b4b88ae0705"
1089,"670830a9f5951699062f8f1d","67082cb65f2a9b4b88ae0705"
1090,"670830aaf5951699062f8f1e","67082cb65f2a9b4b88ae0705"
1091,"6706f22f15c2b9798b2b09cd","67082cb65f2a9b4b88ae0705"
1092,"670830b1f5951699062f8f23","67082cbc5f2a9b4b88ae070e"
1093,"6706f2fc15c2b9798b2b0ae1","67082cbc5f2a9b4b88ae070e"
1094,"670830c0f5951699062f8f39","67082cda5f2a9b4b88ae0718"
1095,"670830c3f5951699062f8f3b","67082cdb5f2a9b4b88ae0719"
1096,"670830d5f5951699062f8f5b","67082cdd5f2a9b4b88ae071f"
1097,"670830d4f5951699062f8f5a","67082cdd5f2a9b4b88ae071f"
1098,"670830d5f5951699062f8f5d","67082cdd5f2a9b4b88ae071f"
1099,"670830d5f5951699062f8f5e","67082cdd5f2a9b4b88ae071f"
1100,"670830d5f5951699062f8f5c","67082cdd5f2a9b4b88ae071f"
1101,"6706f1d815c2b9798b2b0970","67082ce95f2a9b4b88ae0723"
1102,"67082cf45f2a9b4b88ae073f","67082ce95f2a9b4b88ae0723"
1103,"67082cf05f2a9b4b88ae0733","67082ce95f2a9b4b88ae0723"
1104,"67082cf55f2a9b4b88ae0740","67082ce95f2a9b4b88ae0723"
1105,"670830def5951699062f8f64","67082cea5f2a9b4b88ae0725"
1106,"67082cf45f2a9b4b88ae073f","67082cea5f2a9b4b88ae0725"
1107,"670830e5f5951699062f8f71","67082ceb5f2a9b4b88ae0728"
1108,"670830e4f5951699062f8f6f","67082ceb5f2a9b4b88ae0728"
1109,"670830e5f5951699062f8f72","67082ceb5f2a9b4b88ae0728"
1110,"670830e4f5951699062f8f70","67082ceb5f2a9b4b88ae0728"
1111,"670830edf5951699062f8f7d","67082ced5f2a9b4b88ae072c"
1112,"670830edf5951699062f8f7c","67082ced5f2a9b4b88ae072c"
1113,"670830eef5951699062f8f7f","67082ced5f2a9b4b88ae072c"
1114,"6706f28e15c2b9798b2b0a51","67082ced5f2a9b4b88ae072c"
1115,"670830edf5951699062f8f7e","67082ced5f2a9b4b88ae072c"
1116,"670830eef5951699062f8f80","67082ced5f2a9b4b88ae072c"
1117,"670830f5f5951699062f8f92","67082ced5f2a9b4b88ae072d"
1118,"6706f38515c2b9798b2b0b85","67082ced5f2a9b4b88ae072d"
1119,"670830f7f5951699062f8f96","67082ced5f2a9b4b88ae072d"
1120,"670830f6f5951699062f8f93","67082ced5f2a9b4b88ae072d"
1121,"670830f8f5951699062f8f98","67082ced5f2a9b4b88ae072d"
1122,"670830f7f5951699062f8f97","67082ced5f2a9b4b88ae072d"
1123,"670830f5f5951699062f8f91","67082ced5f2a9b4b88ae072d"
1124,"670830f6f5951699062f8f94","67082ced5f2a9b4b88ae072d"
1125,"6706f35e15c2b9798b2b0b5f","67082ced5f2a9b4b88ae072d"
1126,"670830f7f5951699062f8f95","67082ced5f2a9b4b88ae072d"
1127,"670830f8f5951699062f8f99","67082ced5f2a9b4b88ae072d"
1128,"6706f0a890b652736e310741","6706f64015c2b9798b2b0edc"
1131,"6706f63c15c2b9798b2b0ed7","6706f65315c2b9798b2b0eea"
1132,"6706f28c15c2b9798b2b0a4d","6706f65415c2b9798b2b0eeb"
1133,"6706f24015c2b9798b2b09e1","6706f65415c2b9798b2b0eed"
1134,"6706f0a890b652736e310741","6706f65515c2b9798b2b0eee"
1135,"6706f63c15c2b9798b2b0ed7","6706f65515c2b9798b2b0eee"
1136,"67083123f5951699062f8fb2","6706f66415c2b9798b2b0efc"
1137,"6706f56015c2b9798b2b0de2","6706f66a15c2b9798b2b0efe"
1138,"6706f3fe15c2b9798b2b0c21","6706f66a15c2b9798b2b0efe"
1139,"6708312af5951699062f8fb5","6706f66b15c2b9798b2b0eff"
1140,"67083036f5951699062f8e9c","6706f66b15c2b9798b2b0eff"
1141,"6706f2fc15c2b9798b2b0ae1","6706f66b15c2b9798b2b0eff"
1142,"6708312ef5951699062f8fb9","6706f66c15c2b9798b2b0f01"
1143,"6706f4ef15c2b9798b2b0d2f","6706f67615c2b9798b2b0f0a"
1144,"6706f1d815c2b9798b2b096f","6706f67615c2b9798b2b0f0a"
1145,"6706f1d815c2b9798b2b0970","6706f67615c2b9798b2b0f0a"
1146,"67083137f5951699062f8fbc","6706f67615c2b9798b2b0f0a"
1147,"6706f1d815c2b9798b2b096e","6706f67615c2b9798b2b0f0a"
1148,"67083138f5951699062f8fbd","6706f67615c2b9798b2b0f0a"
1149,"6706f0a690b652736e31073d","6706f67615c2b9798b2b0f0a"
1150,"6706f4ef15c2b9798b2b0d2f","6706f67715c2b9798b2b0f0b"
1151,"6706f1d815c2b9798b2b096e","6706f67715c2b9798b2b0f0b"
1152,"6706f0a690b652736e31073d","6706f67715c2b9798b2b0f0b"
1153,"6708313ff5951699062f8fc6","6706f67715c2b9798b2b0f0b"
1154,"6706f1d815c2b9798b2b096f","6706f67715c2b9798b2b0f0b"
1155,"6706f47015c2b9798b2b0cad","6706f67715c2b9798b2b0f0b"
1156,"670830aaf5951699062f8f1e","6706f67715c2b9798b2b0f0b"
1157,"67083144f5951699062f8fcc","6706f67f15c2b9798b2b0f12"
1158,"6706f2fc15c2b9798b2b0ae1","6706f67f15c2b9798b2b0f12"
1159,"67083144f5951699062f8fce","6706f67f15c2b9798b2b0f12"
1160,"67083144f5951699062f8fcf","6706f67f15c2b9798b2b0f12"
1161,"67083144f5951699062f8fcd","6706f67f15c2b9798b2b0f12"
1162,"6708314ef5951699062f8fda","6706f68115c2b9798b2b0f15"
1163,"6706f2fc15c2b9798b2b0ae1","6706f68115c2b9798b2b0f15"
1164,"6708314ef5951699062f8fd9","6706f68115c2b9798b2b0f15"
1165,"67083154f5951699062f8fe3","6706f68215c2b9798b2b0f16"
1166,"67083144f5951699062f8fcc","6706f68215c2b9798b2b0f16"
1167,"6706f1fa15c2b9798b2b0997","6706f68215c2b9798b2b0f16"
1168,"6706f2fc15c2b9798b2b0ae1","6706f68215c2b9798b2b0f16"
1169,"6706f26b15c2b9798b2b0a13","6706f68915c2b9798b2b0f1a"
1170,"6706f0a890b652736e310743","6706f68915c2b9798b2b0f1a"
1171,"6706f2fc15c2b9798b2b0ae1","6706f68915c2b9798b2b0f1a"
1172,"6708316bf5951699062f8fee","6706f68c15c2b9798b2b0f22"
1173,"6706f69215c2b9798b2b0f26","6706f69015c2b9798b2b0f23"
1174,"6708316ef5951699062f8fef","6706f69115c2b9798b2b0f24"
1175,"6706f69215c2b9798b2b0f26","6706f69115c2b9798b2b0f24"
1176,"6706f69b15c2b9798b2b0f32","6706f69115c2b9798b2b0f24"
1177,"6708317cf5951699062f8ff8","6706f69f15c2b9798b2b0f36"
1178,"6708317bf5951699062f8ff7","6706f69f15c2b9798b2b0f36"
1179,"6706f37f15c2b9798b2b0b7d","6706f69f15c2b9798b2b0f36"
1180,"6708318ef5951699062f8fff","6706f6a915c2b9798b2b0f49"
1181,"6708318ef5951699062f8ffe","6706f6a915c2b9798b2b0f49"
1182,"6708318ef5951699062f9000","6706f6a915c2b9798b2b0f49"
1183,"6706f1fa15c2b9798b2b0996","6706f6a915c2b9798b2b0f49"
1184,"6706f4f015c2b9798b2b0d32","6706f6a915c2b9798b2b0f49"
1185,"6706f1fa15c2b9798b2b0996","67082c5d5f2a9b4b88ae06b4"
1186,"6706f2a415c2b9798b2b0a72","67082c5d5f2a9b4b88ae06b4"
1187,"670831a0f5951699062f9009","67082c5d5f2a9b4b88ae06b4"
1188,"6706f2ec15c2b9798b2b0ac3","67082c5d5f2a9b4b88ae06b4"
1189,"6706f47015c2b9798b2b0cad","67082c5d5f2a9b4b88ae06b4"
1190,"6706f28315c2b9798b2b0a3f","67082c5d5f2a9b4b88ae06b4"
1191,"670831a1f5951699062f900a","67082c5d5f2a9b4b88ae06b4"
